DATE,age,avg_bg,bmr,body_fat,e_caffeine,e_calcium,e_calories,e_carbs,e_cholesterol,e_count,e_fat,e_fiber,e_iron,e_monounsaturated_fat,e_num_drinks,e_num_foods,e_num_mealitems_green,e_num_mealitems_red,e_num_mealitems_with_score,e_num_mealitems_yellow,e_num_water,e_polyunsaturated_fat,e_potassium,e_protein,e_sat_fat,e_sodium,e_sugar,e_trans_fat,e_unsat_fat,e_vitamin_a,e_vitamin_c,gender,goal_body_weight,goal_body_weight_intent,height,m_active_time,m_calories,m_distance,m_inactive_time,m_lcat,m_lcit,m_steps,m_steps_3am,m_total_calories,m_workout_count,m_workout_time,max_bg,min_bg,n_asleep_time,n_awake,n_awake_time,n_awakenings,n_bedtime,n_clinical_deep,n_count,n_deep,n_duration,n_light,n_quality,n_rem,n_to_bed_phr,num_readings,rhr,s_asleep_time,s_awake,s_awake_time,s_awakenings,s_bedtime,s_clinical_deep,s_count,s_deep,s_duration,s_light,s_quality,s_rem,s_to_bed_phr,weight
20160101,23.80874316939891,,1387.3281316928767,,,,,,,,,,,,,,,,,,,,,,,,,,,,,1,,0,1.6764,,,,,,,,,1387.3281316928767,,,,,,,,,,,,,,,,,,,,,,,,,,,,,,,,,55.7919
20160102,23.811475409836067,,1387.315321829863,,,,,,,,,,,,,,,,,,,,,,,,,,,,,1,,0,1.6764,,,,,,,,,1387.315321829863,,,,,,,,,,,,,,,,,,,,,,,,,,,,,,,,,55.7919
20160103,23.814207650273225,,1387.3025119668494,,,,,,,,,,,,,,,,,,,,,,,,,,,,,1,,0,1.6764,,,,,,,,,1387.3025119668494,,,,,,,,,,,,,,,,,,,,,,,,,,,,,,,,,55.7919
20160104,23.816939890710383,,1387.2897021038357,,,,,,,,,,,,,,,,,,,,,,,,,,,,,1,,0,1.6764,,,,,,,,,1387.2897021038357,,,,,,,,,,,,,,,,,,,,,,,,,,,,,,,,,55.7919
20160105,23.81967213114754,,1387.2768922408218,,,,,,,,,,,,,,,,,,,,,,,,,,,,,1,,0,1.6764,,,,,,,,,1387.2768922408218,,,,,,,,,,,,,,,,,,,,,,,,,,,,,,,,,55.7919
20160106,23.8224043715847,,1387.264082377808,,,,,,,,,,,,,,,,,,,,,,,,,,,,,1,,0,1.6764,,,,,,,,,1387.264082377808,,,,,,,,,,,,,,,,,,,,,,,,,,,,,,,,,55.7919
20160107,23.825136612021858,,1387.2512725147944,,,,,,,,,,,,,,,,,,,,,,,,,,,,,1,,0,1.6764,,,,,,,,,1387.2512725147944,,,,,,,,,,,,,,,,,,,,,,,,,,,,,,,,,55.7919
20160108,23.827868852459016,,1387.2384626517808,,,,,,,,,,,,,,,,,,,,,,,,,,,,,1,,0,1.6764,,,,,,,,,1387.2384626517808,,,,,,,,,,,,,,,,,,,,,,,,,,,,,,,,,55.7919
20160109,23.830601092896174,,1387.225652788767,,,,,,,,,,,,,,,,,,,,,,,,,,,,,1,,0,1.6764,,,,,,,,,1387.225652788767,,,,,,,,,,,,,,,,,,,,,,,,,,,,,,,,,55.7919
20160110,23.833333333333332,,1387.2128429257534,,,,,,,,,,,,,,,,,,,,,,,,,,,,,1,,0,1.6764,,,,,,,,,1387.2128429257534,,,,,,,,,,,,,,,,,,,,,,,,,,,,,,,,,55.7919
20160111,23.83606557377049,,1387.2000330627397,,,,,,,,,,,,,,,,,,,,,,,,,,,,,1,,0,1.6764,,,,,,,,,1387.2000330627397,,,,,,,,,,,,,,,,,,,,,,,,,,,,,,,,,55.7919
20160112,23.838797814207652,,1387.1872231997258,,,,,,,,,,,,,,,,,,,,,,,,,,,,,1,,0,1.6764,,,,,,,,,1387.1872231997258,,,,,,,,,,,,,,,,,,,,,,,,,,,,,,,,,55.7919
20160113,23.84153005464481,,1387.1744133367122,,,,,,,,,,,,,,,,,,,,,,,,,,,,,1,,0,1.6764,,,,,,,,,1387.1744133367122,,,,,,,,,,,,,,,,,,,,,,,,,,,,,,,,,55.7919
20160114,23.84426229508197,,1387.1616034736985,,,,,,,,,,,,,,,,,,,,,,,,,,,,,1,,0,1.6764,,,,,,,,,1387.1616034736985,,,,,,,,,,,,,,,,,,,,,,,,,,,,,,,,,55.7919
20160115,23.846994535519126,,1387.1487936106848,,,,,,,,,,,,,,,,,,,,,,,,,,,,,1,,0,1.6764,,,,,,,,,1387.1487936106848,,,,,,,,,,,,,,,,,,,,,,,,,,,,,,,,,55.7919
20160116,23.849726775956285,,1387.1359837476712,,,,,,,,,,,,,,,,,,,,,,,,,,,,,1,,0,1.6764,,,,,,,,,1387.1359837476712,,,,,,,,,,,,,,,,,,,,,,,,,,,,,,,,,55.7919
20160117,23.852459016393443,,1387.1231738846575,,,,,,,,,,,,,,,,,,,,,,,,,,,,,1,,0,1.6764,,,,,,,,,1387.1231738846575,,,,,,,,,,,,,,,,,,,,,,,,,,,,,,,,,55.7919
20160118,23.8551912568306,,1387.1103640216438,,,,,,,,,,,,,,,,,,,,,,,,,,,,,1,,0,1.6764,,,,,,,,,1387.1103640216438,,,,,,,,,,,,,,,,,,,,,,,,,,,,,,,,,55.7919
20160119,23.85792349726776,,1387.0975541586301,,,,,,,,,,,,,,,,,,,,,,,,,,,,,1,,0,1.6764,,,,,,,,,1387.0975541586301,,,,,,,,,,,,,,,,,,,,,,,,,,,,,,,,,55.7919
20160120,23.860655737704917,,1387.0847442956165,,,,,,,,,,,,,,,,,,,,,,,,,,,,,1,,0,1.6764,,,,,,,,,1387.0847442956165,,,,,,,,,,,,,,,,,,,,,,,,,,,,,,,,,55.7919
20160121,23.863387978142075,,1387.0719344326026,,,,,,,,,,,,,,,,,,,,,,,,,,,,,1,,0,1.6764,,,,,,,,,1387.0719344326026,,,,,,,,,,,,,,,,,,,,,,,,,,,,,,,,,55.7919
20160122,23.866120218579233,,1387.059124569589,,,,,,,,,,,,,,,,,,,,,,,,,,,,,1,,0,1.6764,,,,,,,,,1387.059124569589,,,,,,,,,,,,,,,,,,,,,,,,,,,,,,,,,55.7919
20160123,23.868852459016395,,1387.0463147065752,,,,,,,,,,,,,,,,,,,,,,,,,,,,,1,,0,1.6764,,,,,,,,,1387.0463147065752,,,,,,,,,,,,,,,,,,,,,,,,,,,,,,,,,55.7919
20160124,23.871584699453553,,1387.0335048435616,,,,,,,,,,,,,,,,,,,,,,,,,,,,,1,,0,1.6764,,,,,,,,,1387.0335048435616,,,,,,,,,,,,,,,,,,,,,,,,,,,,,,,,,55.7919
20160125,23.87431693989071,,1387.020694980548,,,,,,,,,,,,,,,,,,,,,,,,,,,,,1,,0,1.6764,,,,,,,,,1387.020694980548,,,,,,,,,,,,,,,,,,,,,,,,,,,,,,,,,55.7919
20160126,23.87704918032787,,1387.0078851175342,,,,,,,,,,,,,,,,,,,,,,,,,,,,,1,,0,1.6764,,,,,,,,,1387.0078851175342,,,,,,,,,,,,,,,,,,,,,,,,,,,,,,,,,55.7919
20160127,23.879781420765028,,1386.9950752545205,,,,,,,,,,,,,,,,,,,,,,,,,,,,,1,,0,1.6764,,,,,,,,,1386.9950752545205,,,,,,,,,,,,,,,,,,,,,,,,,,,,,,,,,55.7919
20160128,23.882513661202186,,1386.9822653915069,,,,,,,,,,,,,,,,,,,,,,,,,,,,,1,,0,1.6764,,,,,,,,,1386.9822653915069,,,,,,,,,,,,,,,,,,,,,,,,,,,,,,,,,55.7919
20160129,23.885245901639344,,1386.9694555284932,,,,,,,,,,,,,,,,,,,,,,,,,,,,,1,,0,1.6764,,,,,,,,,1386.9694555284932,,,,,,,,,,,,,,,,,,,,,,,,,,,,,,,,,55.7919
20160130,23.887978142076502,,1386.9566456654793,,,,,,,,,,,,,,,,,,,,,,,,,,,,,1,,0,1.6764,,,,,,,,,1386.9566456654793,,,,,,,,,,,,,,,,,,,,,,,,,,,,,,,,,55.7919
20160131,23.89071038251366,,1386.9438358024656,,,,,,,,,,,,,,,,,,,,,,,,,,,,,1,,0,1.6764,,,,,,,,,1386.9438358024656,,,,,,,,,,,,,,,,,,,,,,,,,,,,,,,,,55.7919
20160201,23.89344262295082,,1386.931025939452,,,,,,,,,,,,,,,,,,,,,,,,,,,,,1,,0,1.6764,,,,,,,,,1386.931025939452,,,,,,,,,,,,,,,,,,,,,,,,,,,,,,,,,55.7919
20160202,23.896174863387976,,1386.9182160764383,,,,,,,,,,,,,,,,,,,,,,,,,,,,,1,,0,1.6764,,,,,,,,,1386.9182160764383,,,,,,,,,,,,,,,,,,,,,,,,,,,,,,,,,55.7919
20160203,23.898907103825138,,1386.9054062134246,,,,,,,,,,,,,,,,,,,,,,,,,,,,,1,,0,1.6764,,,,,,,,,1386.9054062134246,,,,,,,,,,,,,,,,,,,,,,,,,,,,,,,,,55.7919
20160204,23.901639344262296,,1386.892596350411,,,,,,,,,,,,,,,,,,,,,,,,,,,,,1,,0,1.6764,,,,,,,,,1386.892596350411,,,,,,,,,,,,,,,,,,,,,,,,,,,,,,,,,55.7919
20160205,23.904371584699454,,1386.8797864873973,,,,,,,,,,,,,,,,,,,,,,,,,,,,,1,,0,1.6764,,,,,,,,,1386.8797864873973,,,,,,,,,,,,,,,,,,,,,,,,,,,,,,,,,55.7919
20160206,23.907103825136613,,1386.8669766243836,,,,,,,,,,,,,,,,,,,,,,,,,,,,,1,,0,1.6764,,,,,,,,,1386.8669766243836,,,,,,,,,,,,,,,,,,,,,,,,,,,,,,,,,55.7919
20160207,23.90983606557377,,1386.8541667613697,,,,,,,,,,,,,,,,,,,,,,,,,,,,,1,,0,1.6764,,,,,,,,,1386.8541667613697,,,,,,,,,,,,,,,,,,,,,,,,,,,,,,,,,55.7919
20160208,23.91256830601093,,1386.841356898356,,,,,,,,,,,,,,,,,,,,,,,,,,,,,1,,0,1.6764,,,,,,,,,1386.841356898356,,,,,,,,,,,,,,,,,,,,,,,,,,,,,,,,,55.7919
20160209,23.915300546448087,,1386.8285470353424,,,,,,,,,,,,,,,,,,,,,,,,,,,,,1,,0,1.6764,,,,,,,,,1386.8285470353424,,,,,,,,,,,,,,,,,,,,,,,,,,,,,,,,,55.7919
20160210,23.918032786885245,,1386.8157371723287,,,,,,,,,,,,,,,,,,,,,,,,,,,,,1,,0,1.6764,,,,,,,,,1386.8157371723287,,,,,,,,,,,,,,,,,,,,,,,,,,,,,,,,,55.7919
20160211,23.920765027322403,,1386.802927309315,,,,,,,,,,,,,,,,,,,,,,,,,,,,,1,,0,1.6764,,,,,,,,,1386.802927309315,,,,,,,,,,,,,,,,,,,,,,,,,,,,,,,,,55.7919
20160212,23.92349726775956,,1386.7901174463013,,,,,,,,,,,,,,,,,,,,,,,,,,,,,1,,0,1.6764,,,,,,,,,1386.7901174463013,,,,,,,,,,,,,,,,,,,,,,,,,,,,,,,,,55.7919
20160213,23.92622950819672,,1386.7773075832877,,,,,,,,,,,,,,,,,,,,,,,,,,,,,1,,0,1.6764,,,,,,,,,1386.7773075832877,,,,,,,,,,,,,,,,,,,,,,,,,,,,,,,,,55.7919
20160214,23.92896174863388,,1386.764497720274,,,,,,,,,,,,,,,,,,,,,,,,,,,,,1,,0,1.6764,,,,,,,,,1386.764497720274,,,,,,,,,,,,,,,,,,,,,,,,,,,,,,,,,55.7919
20160215,23.93169398907104,,1386.75168785726,,,,,,,,,,,,,,,,,,,,,,,,,,,,,1,,0,1.6764,,,,,,,,,1386.75168785726,,,,,,,,,,,,,,,,,,,,,,,,,,,,,,,,,55.7919
20160216,23.934426229508198,,1386.7388779942464,,,,,,,,,,,,,,,,,,,,,,,,,,,,,1,,0,1.6764,,,,,,,,,1386.7388779942464,,,,,,,,,,,,,,,,,,,,,,,,,,,,,,,,,55.7919
20160217,23.937158469945356,,1386.7260681312328,,,,,,,,,,,,,,,,,,,,,,,,,,,,,1,,0,1.6764,,,,,,,,,1386.7260681312328,,,,,,,,,,,,,,,,,,,,,,,,,,,,,,,,,55.7919
20160218,23.939890710382514,,1386.713258268219,,,,,,,,,,,,,,,,,,,,,,,,,,,,,1,,0,1.6764,,,,,,,,,1386.713258268219,,,,,,,,,,,,,,,,,,,,,,,,,,,,,,,,,55.7919
20160219,23.942622950819672,,1386.7004484052054,,,,,,,,,,,,,,,,,,,,,,,,,,,,,1,,0,1.6764,,,,,,,,,1386.7004484052054,,,,,,,,,,,,,,,,,,,,,,,,,,,,,,,,,55.7919
20160220,23.94535519125683,,1386.6876385421917,,,,,,,,,,,,,,,,,,,,,,,,,,,,,1,,0,1.6764,,,,,,,,,1386.6876385421917,,,,,,,,,,,,,,,,,,,,,,,,,,,,,,,,,55.7919
20160221,23.94808743169399,,1386.674828679178,,,,,,,,,,,,,,,,,,,,,,,,,,,,,1,,0,1.6764,,,,,,,,,1386.674828679178,,,,,,,,,,,,,,,,,,,,,,,,,,,,,,,,,55.7919
20160222,23.950819672131146,,1386.6620188161644,,,,,,,,,,,,,,,,,,,,,,,,,,,,,1,,0,1.6764,,,,,,,,,1386.6620188161644,,,,,,,,,,,,,,,,,,,,,,,,,,,,,,,,,55.7919
20160223,23.953551912568305,,1386.6492089531507,,,,,,,,,,,,,,,,,,,,,,,,,,,,,1,,0,1.6764,,,,,,,,,1386.6492089531507,,,,,,,,,,,,,,,,,,,,,,,,,,,,,,,,,55.7919
20160224,23.956284153005463,,1386.6363990901368,,,,,,,,,,,,,,,,,,,,,,,,,,,,,1,,0,1.6764,,,,,,,,,1386.6363990901368,,,,,,,,,,,,,,,,,,,,,,,,,,,,,,,,,55.7919
20160225,23.959016393442624,,1386.6235892271231,,,,,,,,,,,,,,,,,,,,,,,,,,,,,1,,0,1.6764,,,,,,,,,1386.6235892271231,,,,,,,,,,,,,,,,,,,,,,,,,,,,,,,,,55.7919
20160226,23.961748633879782,,1386.6107793641095,,,,,,,,,,,,,,,,,,,,,,,,,,,,,1,,0,1.6764,,,,,,,,,1386.6107793641095,,,,,,,,,,,,,,,,,,,,,,,,,,,,,,,,,55.7919
20160227,23.96448087431694,,1386.5979695010958,,,,,,,,,,,,,,,,,,,,,,,,,,,,,1,,0,1.6764,,,,,,,,,1386.5979695010958,,,,,,,,,,,,,,,,,,,,,,,,,,,,,,,,,55.7919
20160228,23.9672131147541,,1386.5851596380821,,,,,,,,,,,,,,,,,,,,,,,,,,,,,1,,0,1.6764,,,,,,,,,1386.5851596380821,,,,,,,,,,,,,,,,,,,,,,,,,,,,,,,,,55.7919
20160229,23.969945355191257,,1386.5723497750685,,,,,,,,,,,,,,,,,,,,,,,,,,,,,1,,0,1.6764,,,,,,,,,1386.5723497750685,,,,,,,,,,,,,,,,,,,,,,,,,,,,,,,,,55.7919
20160301,23.972677595628415,,1386.5595399120548,,,,,,,,,,,,,,,,,,,,,,,,,,,,,1,,0,1.6764,,,,,,,,,1386.5595399120548,,,,,,,,,,,,,,,,,,,,,,,,,,,,,,,,,55.7919
20160302,23.975409836065573,,1386.5467300490411,,,,,,,,,,,,,,,,,,,,,,,,,,,,,1,,0,1.6764,,,,,,,,,1386.5467300490411,,,,,,,,,,,,,,,,,,,,,,,,,,,,,,,,,55.7919
20160303,23.97814207650273,,1386.5339201860274,,,,,,,,,,,,,,,,,,,,,,,,,,,,,1,,0,1.6764,,,,,,,,,1386.5339201860274,,,,,,,,,,,,,,,,,,,,,,,,,,,,,,,,,55.7919
20160304,23.98087431693989,,1386.5211103230135,,,,,,,,,,,,,,,,,,,,,,,,,,,,,1,,0,1.6764,,,,,,,,,1386.5211103230135,,,,,,,,,,,,,,,,,,,,,,,,,,,,,,,,,55.7919
20160305,23.983606557377048,,1386.5083004599999,,,,,,,,,,,,,,,,,,,,,,,,,,,,,1,,0,1.6764,,,,,,,,,1386.5083004599999,,,,,,,,,,,,,,,,,,,,,,,,,,,,,,,,,55.7919
20160306,23.98633879781421,,1386.4954905969862,,,,,,,,,,,,,,,,,,,,,,,,,,,,,1,,0,1.6764,,,,,,,,,1386.4954905969862,,,,,,,,,,,,,,,,,,,,,,,,,,,,,,,,,55.7919
20160307,23.989071038251367,,1386.4826807339725,,,,,,,,,,,,,,,,,,,,,,,,,,,,,1,,0,1.6764,,,,,,,,,1386.4826807339725,,,,,,,,,,,,,,,,,,,,,,,,,,,,,,,,,55.7919
20160308,23.991803278688526,,1386.4698708709589,,,,,,,,,,,,,,,,,,,,,,,,,,,,,1,,0,1.6764,,,,,,,,,1386.4698708709589,,,,,,,,,,,,,,,,,,,,,,,,,,,,,,,,,55.7919
20160309,23.994535519125684,,1386.4570610079452,,,,,,,,,,,,,,,,,,,,,,,,,,,,,1,,0,1.6764,,,,,,,,,1386.4570610079452,,,,,,,,,,,,,,,,,,,,,,,,,,,,,,,,,55.7919
20160310,23.997267759562842,,1386.4442511449315,,,,,,,,,,,,,,,,,,,,,,,,,,,,,1,,0,1.6764,,,,,,,,,1386.4442511449315,,,,,,,,,,,,,,,,,,,,,,,,,,,,,,,,,55.7919
20160311,24.0,,1386.4314412819178,,,,,,,,,,,,,,,,,,,,,,,,,,,,,1,,0,1.6764,,,,,,,,,1386.4314412819178,,,,,,,,,,,,,,,,,,,,,,,,,,,,,,,,,55.7919
20160312,24.002739726027396,,1386.418631418904,,,,,,,,,,,,,,,,,,,,,,,,,,,,,1,,0,1.6764,,,,,,,,,1386.418631418904,,,,,,,,,,,,,,,,,,,,,,,,,,,,,,,,,55.7919
20160313,24.005479452054793,,1386.4058215558903,,,,,,,,,,,,,,,,,,,,,,,,,,,,,1,,0,1.6764,,,,,,,,,1386.4058215558903,,,,,,,,,,,,,,,,,,,,,,,,,,,,,,,,,55.7919
20160314,24.008219178082193,,1386.3930116928766,,,,,,,,,,,,,,,,,,,,,,,,,,,,,1,,0,1.6764,,,,,,,,,1386.3930116928766,,,,,,,,,,,,,,,,,,,,,,,,,,,,,,,,,55.7919
20160315,24.01095890410959,,1386.380201829863,,,,,,,,,,,,,,,,,,,,,,,,,,,,,1,,0,1.6764,,,,,,,,,1386.380201829863,,,,,,,,,,,,,,,,,,,,,,,,,,,,,,,,,55.7919
20160316,24.013698630136986,,1386.3673919668493,,,,,,,,,,,,,,,,,,,,,,,,,,,,,1,,0,1.6764,,,,,,,,,1386.3673919668493,,,,,,,,,,,,,,,,,,,,,,,,,,,,,,,,,55.7919
20160317,24.016438356164382,,1386.3545821038356,,,,,,,,,,,,,,,,,,,,,,,,,,,,,1,,0,1.6764,,,,,,,,,1386.3545821038356,,,,,,,,,,,,,,,,,,,,,,,,,,,,,,,,,55.7919
20160318,24.019178082191782,,1386.341772240822,,,,,,,,,,,,,,,,,,,,,,,,,,,,,1,,0,1.6764,,,,,,,,,1386.341772240822,,,,,,,,,,,,,,,,,,,,,,,,,,,,,,,,,55.7919
20160319,24.02191780821918,,1386.3289623778082,,,,,,,,,,,,,,,,,,,,,,,,,,,,,1,,0,1.6764,,,,,,,,,1386.3289623778082,,,,,,,,,,,,,,,,,,,,,,,,,,,,,,,,,55.7919
20160320,24.024657534246575,,1386.3161525147946,,,,,,,,,,,,,,,,,,,,,,,,,,,,,1,,0,1.6764,,,,,,,,,1386.3161525147946,,,,,,,,,,,,,,,,,,,,,,,,,,,,,,,,,55.7919
20160321,24.027397260273972,,1386.3033426517807,,,,,,,,,,,,,,,,,,,,,,,,,,,,,1,,0,1.6764,,,,,,,,,1386.3033426517807,,,,,,,,,,,,,,,,,,,,,,,,,,,,,,,,,55.7919
20160322,24.03013698630137,,1386.290532788767,,,,,,,,,,,,,,,,,,,,,,,,,,,,,1,,0,1.6764,,,,,,,,,1386.290532788767,,,,,,,,,,,,,,,,,,,,,,,,,,,,,,,,,55.7919
20160323,24.03287671232877,,1386.2777229257533,,,,,,,,,,,,,,,,,,,,,,,,,,,,,1,,0,1.6764,,,,,,,,,1386.2777229257533,,,,,,,,,,,,,,,,,,,,,,,,,,,,,,,,,55.7919
20160324,24.035616438356165,,1386.2649130627397,,,,,,,,,,,,,,,,,,,,,,,,,,,,,1,,0,1.6764,,,,,,,,,1386.2649130627397,,,,,,,,,,,,,,,,,,,,,,,,,,,,,,,,,55.7919
20160325,24.03835616438356,,1386.252103199726,,,,,,,,,,,,,,,,,,,,,,,,,,,,,1,,0,1.6764,,,,,,,,,1386.252103199726,,,,,,,,,,,,,,,,,,,,,,,,,,,,,,,,,55.7919
20160326,24.041095890410958,,1386.2392933367123,,,,,,,,,,,,,,,,,,,,,,,,,,,,,1,,0,1.6764,,,,,,,,,1386.2392933367123,,,,,,,,,,,,,,,,,,,,,,,,,,,,,,,,,55.7919
20160327,24.043835616438358,,1386.2264834736986,,,,,,,,,,,,,,,,,,,,,,,,,,,,,1,,0,1.6764,,,,,,,,,1386.2264834736986,,,,,,,,,,,,,,,,,,,,,,,,,,,,,,,,,55.7919
20160328,24.046575342465754,,1386.213673610685,,,,,,,,,,,,,,,,,,,,,,,,,,,,,1,,0,1.6764,,,,,,,,,1386.213673610685,,,,,,,,,,,,,,,,,,,,,,,,,,,,,,,,,55.7919
20160329,24.04931506849315,,1386.200863747671,,,,,,,,,,,,,,,,,,,,,,,,,,,,,1,,0,1.6764,,,,,,,,,1386.200863747671,,,,,,,,,,,,,,,,,,,,,,,,,,,,,,,,,55.7919
20160330,24.052054794520547,,1386.1880538846574,,,,,,,,,,,,,,,,,,,,,,,,,,,,,1,,0,1.6764,,,,,,,,,1386.1880538846574,,,,,,,,,,,,,,,,,,,,,,,,,,,,,,,,,55.7919
20160331,24.054794520547944,,1386.1752440216437,,,,,,,,,,,,,,,,,,,,,,,,,,,,,1,,0,1.6764,,,,,,,,,1386.1752440216437,,,,,,,,,,,,,,,,,,,,,,,,,,,,,,,,,55.7919
20160401,24.057534246575344,,1386.16243415863,,,,,,,,,,,,,,,,,,,,,,,,,,,,,1,,0,1.6764,,,,,,,,,1386.16243415863,,,,,,,,,,,,,,,,,,,,,,,,,,,,,,,,,55.7919
20160402,24.06027397260274,,1386.1496242956164,,,,,,,,,,,,,,,,,,,,,,,,,,,,,1,,0,1.6764,,,,,,,,,1386.1496242956164,,,,,,,,,,,,,,,,,,,,,,,,,,,,,,,,,55.7919
20160403,24.063013698630137,,1386.1368144326027,,,,,,,,,,,,,,,,,,,,,,,,,,,,,1,,0,1.6764,,,,,,,,,1386.1368144326027,,,,,,,,,,,,,,,,,,,,,,,,,,,,,,,,,55.7919
20160404,24.065753424657533,,1386.124004569589,,,,,,,,,,,,,,,,,,,,,,,,,,,,,1,,0,1.6764,,,,,,,,,1386.124004569589,,,,,,,,,,,,,,,,,,,,,,,,,,,,,,,,,55.7919
20160405,24.068493150684933,,1386.1111947065754,,,,,,,,,,,,,,,,,,,,,,,,,,,,,1,,0,1.6764,,,,,,,,,1386.1111947065754,,,,,,,,,,,,,,,,,,,,,,,,,,,,,,,,,55.7919
20160406,24.07123287671233,,1386.0983848435617,,,,,,,,,,,,,,,,,,,,,,,,,,,,,1,,0,1.6764,,,,,,,,,1386.0983848435617,,,,,,,,,,,,,,,,,,,,,,,,,,,,,,,,,55.7919
20160407,24.073972602739726,,1386.0855749805478,,,,,,,,,,,,,,,,,,,,,,,,,,,,,1,,0,1.6764,,,,,,,,,1386.0855749805478,,,,,,,,,,,,,,,,,,,,,,,,,,,,,,,,,55.7919
20160408,24.076712328767123,,1386.0727651175341,,,,,,,,,,,,,,,,,,,,,,,,,,,,,1,,0,1.6764,,,,,,,,,1386.0727651175341,,,,,,,,,,,,,,,,,,,,,,,,,,,,,,,,,55.7919
20160409,24.07945205479452,,1386.0599552545204,,,,,,,,,,,,,,,,,,,,,,,,,,,,,1,,0,1.6764,,,,,,,,,1386.0599552545204,,,,,,,,,,,,,,,,,,,,,,,,,,,,,,,,,55.7919
20160410,24.08219178082192,,1386.0471453915068,,,,,,,,,,,,,,,,,,,,,,,,,,,,,1,,0,1.6764,,,,,,,,,1386.0471453915068,,,,,,,,,,,,,,,,,,,,,,,,,,,,,,,,,55.7919
20160411,24.084931506849315,,1386.034335528493,,,,,,,,,,,,,,,,,,,,,,,,,,,,,1,,0,1.6764,,,,,,,,,1386.034335528493,,,,,,,,,,,,,,,,,,,,,,,,,,,,,,,,,55.7919
20160412,24.087671232876712,,1386.0215256654794,,,,,,,,,,,,,,,,,,,,,,,,,,,,,1,,0,1.6764,,,,,,,,,1386.0215256654794,,,,,,,,,,,,,,,,,,,,,,,,,,,,,,,,,55.7919
20160413,24.09041095890411,,1386.0087158024658,,,,,,,,,,,,,,,,,,,,,,,,,,,,,1,,0,1.6764,,,,,,,,,1386.0087158024658,,,,,,,,,,,,,,,,,,,,,,,,,,,,,,,,,55.7919
20160414,24.09315068493151,,1385.995905939452,,,,,,,,,,,,,,,,,,,,,,,,,,,,,1,,0,1.6764,,,,,,,,,1385.995905939452,,,,,,,,,,,,,,,,,,,,,,,,,,,,,,,,,55.7919
20160415,24.095890410958905,,1385.9830960764384,,,,,,,,,,,,,,,,,,,,,,,,,,,,,1,,0,1.6764,,,,,,,,,1385.9830960764384,,,,,,,,,,,,,,,,,,,,,,,,,,,,,,,,,55.7919
20160416,24.0986301369863,,1385.9702862134245,,,,,,,,,,,,,,,,,,,,,,,,,,,,,1,,0,1.6764,,,,,,,,,1385.9702862134245,,,,,,,,,,,,,,,,,,,,,,,,,,,,,,,,,55.7919
20160417,24.101369863013698,,1385.9574763504108,,,,,,,,,,,,,,,,,,,,,,,,,,,,,1,,0,1.6764,,,,,,,,,1385.9574763504108,,,,,,,,,,,,,,,,,,,,,,,,,,,,,,,,,55.7919
20160418,24.104109589041094,,1385.9446664873972,,,,,,,,,,,,,,,,,,,,,,,,,,,,,1,,0,1.6764,,,,,,,,,1385.9446664873972,,,,,,,,,,,,,,,,,,,,,,,,,,,,,,,,,55.7919
20160419,24.106849315068494,,1385.9318566243835,,,,,,,,,,,,,,,,,,,,,,,,,,,,,1,,0,1.6764,,,,,,,,,1385.9318566243835,,,,,,,,,,,,,,,,,,,,,,,,,,,,,,,,,55.7919
20160420,24.10958904109589,,1385.9190467613698,,,,,,,,,,,,,,,,,,,,,,,,,,,,,1,,0,1.6764,,,,,,,,,1385.9190467613698,,,,,,,,,,,,,,,,,,,,,,,,,,,,,,,,,55.7919
20160421,24.112328767123287,,1385.9062368983562,,,,,,,,,,,,,,,,,,,,,,,,,,,,,1,,0,1.6764,,,,,,,,,1385.9062368983562,,,,,,,,,,,,,,,,,,,,,,,,,,,,,,,,,55.7919
20160422,24.115068493150684,,1385.8934270353425,,,,,,,,,,,,,,,,,,,,,,,,,,,,,1,,0,1.6764,,,,,,,,,1385.8934270353425,,,,,,,,,,,,,,,,,,,,,,,,,,,,,,,,,55.7919
20160423,24.117808219178084,,1385.8806171723286,,,,,,,,,,,,,,,,,,,,,,,,,,,,,1,,0,1.6764,,,,,,,,,1385.8806171723286,,,,,,,,,,,,,,,,,,,,,,,,,,,,,,,,,55.7919
20160424,24.12054794520548,,1385.867807309315,,,,,,,,,,,,,,,,,,,,,,,,,,,,,1,,0,1.6764,,,,,,,,,1385.867807309315,,,,,,,,,,,,,,,,,,,,,,,,,,,,,,,,,55.7919
20160425,24.123287671232877,,1385.8549974463012,,,,,,,,,,,,,,,,,,,,,,,,,,,,,1,,0,1.6764,,,,,,,,,1385.8549974463012,,,,,,,,,,,,,,,,,,,,,,,,,,,,,,,,,55.7919
20160426,24.126027397260273,,1385.8421875832876,,,,,,,,,,,,,,,,,,,,,,,,,,,,,1,,0,1.6764,,,,,,,,,1385.8421875832876,,,,,,,,,,,,,,,,,,,,,,,,,,,,,,,,,55.7919
20160427,24.12876712328767,,1385.829377720274,,,,,,,,,,,,,,,,,,,,,,,,,,,,,1,,0,1.6764,,,,,,,,,1385.829377720274,,,,,,,,,,,,,,,,,,,,,,,,,,,,,,,,,55.7919
20160428,24.13150684931507,,1385.8165678572602,,,,,,,,,,,,,,,,,,,,,,,,,,,,,1,,0,1.6764,,,,,,,,,1385.8165678572602,,,,,,,,,,,,,,,,,,,,,,,,,,,,,,,,,55.7919
20160429,24.134246575342466,,1385.8037579942466,,,,,,,,,,,,,,,,,,,,,,,,,,,,,1,,0,1.6764,,,,,,,,,1385.8037579942466,,,,,,,,,,,,,,,,,,,,,,,,,,,,,,,,,55.7919
20160430,24.136986301369863,,1385.7909481312329,,,,,,,,,,,,,,,,,,,,,,,,,,,,,1,,0,1.6764,,,,,,,,,1385.7909481312329,,,,,,,,,,,,,,,,,,,,,,,,,,,,,,,,,55.7919
20160501,24.13972602739726,,1385.7781382682192,,,,,,,,,,,,,,,,,,,,,,,,,,,,,1,,0,1.6764,,,,,,,,,1385.7781382682192,,,,,,,,,,,,,,,,,,,,,,,,,,,,,,,,,55.7919
20160502,24.14246575342466,,1385.7653284052053,,,,,,,,,,,,,,,,,,,,,,,,,,,,,1,,0,1.6764,,,,,,,,,1385.7653284052053,,,,,,,,,,,,,,,,,,,,,,,,,,,,,,,,,55.7919
20160503,24.145205479452056,,1385.7525185421916,,,,,,,,,,,,,,,,,,,,,,,,,,,,,1,,0,1.6764,,,,,,,,,1385.7525185421916,,,,,,,,,,,,,,,,,,,,,,,,,,,,,,,,,55.7919
20160504,24.147945205479452,,1385.739708679178,,,,,,,,,,,,,,,,,,,,,,,,,,,,,1,,0,1.6764,,,,,,,,,1385.739708679178,,,,,,,,,,,,,,,,,,,,,,,,,,,,,,,,,55.7919
20160505,24.15068493150685,,1385.7268988161643,,,,,,,,,,,,,,,,,,,,,,,,,,,,,1,,0,1.6764,,,,,,,,,1385.7268988161643,,,,,,,,,,,,,,,,,,,,,,,,,,,,,,,,,55.7919
20160506,24.153424657534245,,1385.7140889531506,,,,,,,,,,,,,,,,,,,,,,,,,,,,,1,,0,1.6764,,,,,,,,,1385.7140889531506,,,,,,,,,,,,,,,,,,,,,,,,,,,,,,,,,55.7919
20160507,24.156164383561645,,1385.701279090137,,,,,,,,,,,,,,,,,,,,,,,,,,,,,1,,0,1.6764,,,,,,,,,1385.701279090137,,,,,,,,,,,,,,,,,,,,,,,,,,,,,,,,,55.7919
20160508,24.15890410958904,,1385.6884692271233,,,,,,,,,,,,,,,,,,,,,,,,,,,,,1,,0,1.6764,,,,,,,,,1385.6884692271233,,,,,,,,,,,,,,,,,,,,,,,,,,,,,,,,,55.7919
20160509,24.161643835616438,,1385.6756593641096,,,,,,,,,,,,,,,,,,,,,,,,,,,,,1,,0,1.6764,,,,,,,,,1385.6756593641096,,,,,,,,,,,,,,,,,,,,,,,,,,,,,,,,,55.7919
20160510,24.164383561643834,,1385.662849501096,,,,,,,,,,,,,,,,,,,,,,,,,,,,,1,,0,1.6764,,,,,,,,,1385.662849501096,,,,,,,,,,,,,,,,,,,,,,,,,,,,,,,,,55.7919
20160511,24.167123287671235,,1385.650039638082,,,,,,,,,,,,,,,,,,,,,,,,,,,,,1,,0,1.6764,,,,,,,,,1385.650039638082,,,,,,,,,,,,,,,,,,,,,,,,,,,,,,,,,55.7919
20160512,24.16986301369863,,1385.6372297750684,,,,,,,,,,,,,,,,,,,,,,,,,,,,,1,,0,1.6764,,,,,,,,,1385.6372297750684,,,,,,,,,,,,,,,,,,,,,,,,,,,,,,,,,55.7919
20160513,24.172602739726027,,1385.6244199120547,,,,,,,,,,,,,,,,,,,,,,,,,,,,,1,,0,1.6764,,,,,,,,,1385.6244199120547,,,,,,,,,,,,,,,,,,,,,,,,,,,,,,,,,55.7919
20160514,24.175342465753424,,1385.611610049041,,,,,,,,,,,,,,,,,,,,,,,,,,,,,1,,0,1.6764,,,,,,,,,1385.611610049041,,,,,,,,,,,,,,,,,,,,,,,,,,,,,,,,,55.7919
20160515,24.17808219178082,,1385.5988001860273,,,,,,,,,,,,,,,,,,,,,,,,,,,,,1,,0,1.6764,,,,,,,,,1385.5988001860273,,,,,,,,,,,,,,,,,,,,,,,,,,,,,,,,,55.7919
20160516,24.18082191780822,,1385.5859903230137,,,,,,,,,,,,,,,,,,,,,,,,,,,,,1,,0,1.6764,,,,,,,,,1385.5859903230137,,,,,,,,,,,,,,,,,,,,,,,,,,,,,,,,,55.7919
20160517,24.183561643835617,,1385.57318046,,,,,,,,,,,,,,,,,,,,,,,,,,,,,1,,0,1.6764,,,,,,,,,1385.57318046,,,,,,,,,,,,,,,,,,,,,,,,,,,,,,,,,55.7919
20160518,24.186301369863013,,1385.5603705969863,,,,,,,,,,,,,,,,,,,,,,,,,,,,,1,,0,1.6764,,,,,,,,,1385.5603705969863,,,,,,,,,,,,,,,,,,,,,,,,,,,,,,,,,55.7919
20160519,24.18904109589041,,1385.5475607339724,,,,,,,,,,,,,,,,,,,,,,,,,,,,,1,,0,1.6764,,,,,,,,,1385.5475607339724,,,,,,,,,,,,,,,,,,,,,,,,,,,,,,,,,55.7919
20160520,24.19178082191781,,1385.5347508709588,,,,,,,,,,,,,,,,,,,,,,,,,,,,,1,,0,1.6764,,,,,,,,,1385.5347508709588,,,,,,,,,,,,,,,,,,,,,,,,,,,,,,,,,55.7919
20160521,24.194520547945206,79.0,1385.521941007945,,,,,,,,,,,,,,,,,,,,,,,,,,,,,1,,0,1.6764,0.0,39.40811687706967,17.70274019133366,0.0,0.0,0.0,34.0,0.0,1424.9300578850148,0.0,0.0,84.0,73.0,,,,,,,,,,,,,,2.0,0.0,,,,,,,,,,,,,,55.7919
20160522,24.197260273972603,67.0,1385.5091311449314,,,,,,,,,,,,,,,,,,,,,,,,,,,,,1,,0,1.6764,2622.0,149.37207556118142,2635.999999996234,29982.0,383.0,12178.0,3653.0,92.0,1534.8812067061128,0.0,0.0,153.0,46.0,,,,,,,,,,,,,,39.0,64.0,3562.0,1298.0,40798.0,0.0,2444.0,7053.0,1.0,0.0,37236.0,23372.0,0.0,6811.0,0.0,55.7919
20160523,24.2,73.0,1385.4963212819177,,,,,,,,,,,,,,,,,,,,,,,,,,,,,1,,0,1.6764,3702.0,212.3490294250725,3696.976651366904,43439.0,389.0,11613.0,5073.0,0.0,1597.8453507069903,0.0,0.0,106.0,50.0,0.0,0.0,0.0,0.0,0.0,0.0,0.0,0.0,0.0,0.0,0.0,0.0,0.0,23.0,64.0,-6180.0,531.0,16775.0,0.0,-6593.0,4566.0,1.0,0.0,22955.0,15704.0,0.0,2685.0,65.0,55.7919
20160524,24.202739726027396,71.0,1385.483511418904,,,,,,,,,,,,,,,,,,,,,,,,,,,,,1,,0,1.6764,7485.0,392.69950127866315,6860.070050265822,159357.0,900.0,90894.0,9367.0,0.0,1778.1830126975672,0.0,0.0,100.0,55.0,0.0,0.0,0.0,0.0,0.0,0.0,0.0,0.0,0.0,0.0,0.0,0.0,0.0,29.0,0.0,-5715.0,1657.0,18176.0,2.0,-6315.0,6836.0,1.0,0.0,22834.0,14950.0,0.0,1048.0,72.0,55.7919
20160525,24.205479452054796,67.0,1385.4707015558904,,0.0,0.0,0.0,0.0,0.0,8.0,0.0,0.0,0.0,0.0,8.0,0.0,0.0,0.0,8.0,0.0,8.0,0.0,0.0,0.0,0.0,0.0,0.0,0.0,0.0,0.0,0.0,1,,0,1.6764,2550.0,119.74883031669471,2401.0000000004998,31212.0,256.0,10145.0,3277.0,0.0,1505.219531872585,0.0,0.0,85.0,56.0,,,,,,,,,,,,,,20.0,71.0,-4853.0,1391.0,16591.0,0.0,-5453.0,6962.0,1.0,0.0,21444.0,14139.0,0.0,343.0,87.0,55.7919
20160526,24.208219178082192,76.0,1385.4578916928767,,0.0,0.0,0.0,0.0,0.0,8.0,0.0,0.0,0.0,0.0,8.0,0.0,0.0,0.0,8.0,0.0,8.0,0.0,0.0,0.0,0.0,0.0,0.0,0.0,0.0,0.0,0.0,1,,0,1.6764,2498.0,125.83633004541112,2336.991469526588,31525.0,257.0,8639.0,3156.0,0.0,1511.294221738288,0.0,0.0,94.0,44.0,27300.0,0.0,29700.0,0.0,27300.0,0.0,1.0,0.0,2400.0,0.0,0.0,0.0,0.0,26.0,64.0,-6341.0,1438.0,19464.0,0.0,-6941.0,3670.0,1.0,0.0,24967.0,19386.0,0.0,1911.0,77.0,55.7919
20160527,24.21095890410959,68.0,1385.445081829863,,0.0,0.0,0.0,0.0,0.0,8.0,0.0,0.0,0.0,0.0,8.0,0.0,0.0,0.0,8.0,0.0,8.0,0.0,0.0,0.0,0.0,0.0,0.0,0.0,0.0,0.0,0.0,1,,0,1.6764,5605.0,300.9747037189458,5891.242029839523,28874.0,572.0,12321.0,8153.0,0.0,1686.419785548809,0.0,0.0,98.0,48.0,,,,,,,,,,,,,,40.0,65.0,-4622.0,847.0,16772.0,0.0,-5222.0,6758.0,1.0,0.0,21394.0,13161.0,0.0,1475.0,0.0,55.7919
20160528,24.213698630136985,65.0,1385.4322719668492,,0.0,0.0,0.0,0.0,0.0,5.0,0.0,0.0,0.0,0.0,5.0,0.0,0.0,0.0,5.0,0.0,5.0,0.0,0.0,0.0,0.0,0.0,0.0,0.0,0.0,0.0,0.0,1,,0,1.6764,2242.0,102.6510671377,1847.0,30120.0,894.0,11513.0,2449.0,0.0,1488.0833391045492,0.0,0.0,123.0,44.0,,,,,,,,,,,,,,54.0,82.0,469.0,2007.0,33184.0,1.0,-131.0,5645.0,1.0,0.0,31402.0,22600.0,0.0,3157.0,68.0,55.7919
20160529,24.216438356164385,74.0,1385.4194621038355,,,,,,,,,,,,,,,,,,,,,,,,,,,,,1,,0,1.6764,9318.0,436.33633208378654,7962.804669951352,23533.0,1972.0,4277.0,11373.0,6.0,1821.755794187622,1.0,1740.0,111.0,53.0,,,,,,,,,,,,,,42.0,66.0,2980.0,2903.0,31636.0,2.0,2380.0,8896.0,1.0,0.0,27794.0,15838.0,0.0,3060.0,68.0,55.7919
20160530,24.21917808219178,70.0,1385.4066522408218,,,,,,,,,,,,,,,,,,,,,,,,,,,,,1,,0,1.6764,1655.0,117.1875396967,1710.0,30265.0,251.0,7824.0,2425.0,11.0,1502.5941919375218,0.0,0.0,91.0,53.0,,,,,,,,,,,,,,31.0,68.0,2850.0,1810.0,35825.0,2.0,2250.0,6445.0,1.0,0.0,31917.0,21698.0,0.0,3774.0,69.0,55.7919
20160531,24.221917808219178,70.0,1385.3938423778081,,,,,,,,,,,,,,,,,,,,,,,,,,,,,1,,0,1.6764,3131.0,170.85172772684854,2961.3120798651244,31529.0,447.0,7765.0,4051.0,0.0,1556.2455701046567,0.0,0.0,91.0,55.0,,,,,,,,,,,,,,47.0,59.0,-5517.0,724.0,16845.0,0.0,-6117.0,3197.0,1.0,0.0,22362.0,17667.0,0.0,1498.0,68.0,55.7919
20160601,24.224657534246575,71.0,1385.3810325147945,,,,,,,,,,,,,,,,,,,,,,,,,,,,,1,,0,1.6764,3311.0,149.1402730335636,3115.4840595843784,31460.0,317.0,9480.0,4248.0,0.0,1534.521305548358,0.0,0.0,90.0,55.0,,,,,,,,,,,,,,37.0,59.0,-5366.0,786.0,16910.0,0.0,-5878.0,4327.0,1.0,0.0,22276.0,16721.0,0.0,1228.0,0.0,55.7919
20160602,24.22739726027397,75.0,1385.3682226517808,,,,,,,,,,,,,,,,,,,,,,,,,,,,,1,,0,1.6764,2804.0,201.60768264015945,2926.9191791225903,31459.0,256.0,9223.0,3998.0,0.0,1586.9759052919403,0.0,0.0,115.0,56.0,,,,,,,,,,,,,,51.0,61.0,-4455.0,800.0,18640.0,1.0,-4903.0,8932.0,1.0,0.0,22743.0,13077.0,0.0,734.0,76.0,55.7919
20160603,24.23013698630137,71.0,1385.3554127887671,,,,,,,,,,,,,,,,,,,,,,,,,,,,,1,,0,1.6764,5431.0,248.3366389263965,5625.140099435509,27830.0,767.0,14735.0,7780.0,0.0,1633.6920517151636,0.0,0.0,99.0,51.0,,,,,,,,,,,,,,42.0,64.0,-4427.0,1905.0,17653.0,1.0,-4841.0,4940.0,1.0,0.0,20608.0,15188.0,0.0,480.0,96.0,55.7919
20160604,24.232876712328768,64.0,1385.3426029257535,,,,,,,,,,,,,,,,,,,,,,,,,,,,,1,,0,1.6764,1729.0,83.98152208330201,1254.9999999994502,31073.0,324.0,11981.0,1744.0,0.0,1469.3241250090555,0.0,0.0,90.0,44.0,,,,,,,,,,,,,,80.0,67.0,1565.0,2027.0,42233.0,1.0,596.0,11863.0,1.0,0.0,40312.0,22156.0,0.0,6293.0,68.0,55.7919
20160605,24.235616438356164,69.0,1385.3297930627396,,,,,,,,,,,,,,,,,,,,,,,,,,,,,1,,0,1.6764,3258.0,197.7195974588,3693.0,29152.0,1848.0,6728.0,5067.0,6.0,1583.0493905215396,0.0,0.0,93.0,46.0,,,,,,,,,,,,,,59.0,65.0,2706.0,2091.0,33459.0,0.0,1815.0,6687.0,1.0,0.0,29613.0,18996.0,0.0,3930.0,61.0,55.7919
20160606,24.23835616438356,82.0,1385.3169831997259,,,,,,,,,,,,,,,,,,,,,,,,,,,,,1,,0,1.6764,639.0,859.1489264281755,1798.824056041952,32340.0,240.0,30173.0,2269.0,0.0,2244.4659096279015,0.0,0.0,82.0,82.0,,,,,,,,,,,,,,1.0,62.0,-1557.0,608.0,17477.0,0.0,-1857.0,3047.0,1.0,0.0,19034.0,14170.0,0.0,1817.0,67.0,55.7919
20160607,24.24109589041096,70.0,1385.3041733367122,,,,,,,,,,,,,,,,,,,,,,,,,,,,,1,,0,1.6764,2683.0,128.54412996758,2476.2420302021073,31907.0,254.0,11952.0,3443.0,0.0,1513.8483033042921,0.0,0.0,101.0,55.0,,,,,,,,,,,,,,45.0,66.0,-4466.0,752.0,17961.0,0.0,-5066.0,3721.0,1.0,0.0,22427.0,15994.0,0.0,2712.0,0.0,55.7919
20160608,24.243835616438357,74.0,1385.2913634736985,,,,,,,,,,,,,,,,,,,,,,,,,,,,,1,,0,1.6764,2625.0,140.6346182519906,2557.6241590849627,31390.0,259.0,7363.0,3555.0,0.0,1525.925981725689,0.0,0.0,109.0,55.0,,,,,,,,,,,,,,27.0,59.0,-2541.0,1104.0,17962.0,0.0,-3141.0,6166.0,1.0,0.0,20503.0,13861.0,0.0,476.0,69.0,55.7919
20160609,24.246575342465754,71.0,1385.2785536106849,,,,,,,,,,,,,,,,,,,,,,,,,,,,,1,,0,1.6764,2754.0,145.8361762762,2479.0,31260.0,193.0,8294.0,3401.0,0.0,1531.1147298868848,0.0,0.0,130.0,49.0,,,,,,,,,,,,,,38.0,57.0,-6614.0,1201.0,18847.0,0.0,-7214.0,6566.0,1.0,0.0,25461.0,16656.0,0.0,2239.0,86.0,55.7919
20160610,24.24931506849315,67.0,1385.2657437476712,,,,,,,,,,,,,,,,,,,,,,,,,,,,,1,,0,1.6764,2689.0,127.68515081977473,2556.60934002291,30959.0,195.0,6541.0,3521.0,0.0,1512.9508945674459,0.0,0.0,84.0,50.0,27300.0,0.0,28800.0,0.0,27300.0,0.0,1.0,0.0,1500.0,0.0,0.0,0.0,0.0,53.0,61.0,-5176.0,1999.0,18664.0,2.0,-5776.0,7008.0,1.0,0.0,22658.0,14141.0,0.0,1509.0,77.0,55.7919
20160611,24.252054794520546,73.0,1385.2529338846575,,,,,,,,,,,,,,,,,,,,,,,,,,,,,1,,0,1.6764,7478.0,341.2400106209319,6413.632689993028,24811.0,1400.0,8195.0,9107.0,0.0,1726.4929445055895,1.0,1740.0,92.0,52.0,,,,,,,,,,,,,,20.0,61.0,-658.0,2225.0,36008.0,0.0,-1836.0,12260.0,1.0,0.0,36666.0,22627.0,0.0,1779.0,61.0,55.7919
20160612,24.254794520547946,74.0,1385.2401240216439,,0.0,0.0,0.0,0.0,0.0,6.0,0.0,0.0,0.0,0.0,6.0,0.0,0.0,0.0,6.0,0.0,6.0,0.0,0.0,0.0,0.0,0.0,0.0,0.0,0.0,0.0,0.0,1,,0,1.6764,1600.0,108.96068167690001,1575.0,30828.0,194.0,8067.0,2182.0,0.0,1494.200805698544,0.0,0.0,125.0,46.0,,,,,,,,,,,,,,61.0,68.0,-1693.0,1778.0,36427.0,2.0,-2293.0,5580.0,1.0,0.0,37254.0,28074.0,0.0,3600.0,66.0,55.7919
20160613,24.257534246575343,67.0,1385.2273141586302,,,,,,,,,,,,,,,,,,,,,,,,,,,,,1,,0,1.6764,2823.0,184.425420746203,2615.6241596540335,31081.0,257.0,7232.0,3641.0,0.0,1569.652734904833,0.0,0.0,92.0,49.0,,,,,,,,,,,,,,36.0,58.0,-4363.0,718.0,17081.0,0.0,-4963.0,3765.0,1.0,0.0,21444.0,14531.0,0.0,3148.0,66.0,55.7919
20160614,24.26027397260274,70.0,1385.2145042956163,,,,,,,,,,,,,,,,,,,,,,,,,,,,,1,,0,1.6764,3835.0,171.07303297810728,3504.3035492521813,30766.0,318.0,7101.0,4756.0,0.0,1556.2875372737235,0.0,0.0,90.0,55.0,0.0,0.0,0.0,0.0,0.0,0.0,0.0,0.0,0.0,0.0,0.0,0.0,0.0,30.0,56.0,-8200.0,2924.0,18289.0,1.0,-9061.0,7271.0,1.0,0.0,24571.0,14386.0,0.0,2914.0,57.0,55.7919
20160615,24.263013698630136,68.0,1385.2016944326026,,,,,,,,,,,,,,,,,,,,,,,,,,,,,1,,0,1.6764,2806.0,155.87962503223568,2597.0615196775384,31647.0,256.0,12932.0,3539.0,0.0,1541.0813194648383,0.0,0.0,91.0,55.0,,,,,,,,,,,,,,43.0,59.0,-4866.0,1265.0,18202.0,0.0,-5466.0,7041.0,1.0,0.0,23068.0,11396.0,0.0,4631.0,79.0,55.7919
20160616,24.265753424657536,71.0,1385.188884569589,,,,,,,,,,,,,,,,,,,,,,,,,,,,,1,,0,1.6764,3198.0,171.0705830455,2969.0,31327.0,320.0,6282.0,4052.0,0.0,1556.2594676150889,0.0,0.0,112.0,52.0,,,,,,,,,,,,,,36.0,63.0,-5734.0,622.0,19150.0,0.0,-6146.0,5225.0,1.0,0.0,24884.0,17378.0,0.0,2281.0,83.0,55.7919
20160617,24.268493150684932,65.0,1385.1760747065753,,,,,,,,,,,,,,,,,,,,,,,,,,,,,1,,0,1.6764,3887.0,186.8949325085,3568.0,29593.0,576.0,8450.0,4977.0,0.0,1572.0710072150753,0.0,0.0,91.0,47.0,,,,,,,,,,,,,,42.0,63.0,-5639.0,976.0,18900.0,0.0,-6239.0,7229.0,1.0,0.0,24539.0,14298.0,0.0,3012.0,79.0,55.7919
20160618,24.27123287671233,69.0,1385.1632648435616,,,,,,,,,,,,,,,,,,,,,,,,,,,,,1,,0,1.6764,2873.0,176.1138382554,3384.0,29661.0,1782.0,9297.0,4662.0,0.0,1561.2771030989616,0.0,0.0,110.0,56.0,,,,,,,,,,,,,,33.0,64.0,-2109.0,1059.0,31410.0,0.0,-2409.0,9522.0,1.0,0.0,33519.0,19813.0,0.0,4184.0,65.0,55.7919
20160619,24.273972602739725,74.0,1372.1356239205481,,,,,,,,,,,,,,,,,,,,,,,,,,,,,1,,0,1.6764,4153.0,229.6378326413,4343.0,28317.0,2744.0,11522.0,6028.0,7.0,1601.7734565618482,1.0,2940.0,122.0,55.0,,,,,,,,,,,,,,32.0,61.0,-31.0,2482.0,39884.0,1.0,-1819.0,8842.0,1.0,0.0,39466.0,24950.0,0.0,5674.0,62.0,54.431
20160620,24.276712328767122,70.0,1372.1228140575345,,,,,,,,,,,,,,,,,,,,,,,,,,,,,1,,0,1.6764,2552.0,118.30944649722214,2576.3736000538615,31782.0,321.0,11464.0,3510.0,0.0,1490.4322605547566,0.0,0.0,91.0,49.0,,,,,,,,,,,,,,37.0,71.0,-1545.0,510.0,17911.0,0.0,-1845.0,2966.0,1.0,0.0,19456.0,13707.0,0.0,2783.0,66.0,54.431
20160621,24.279452054794522,71.0,1372.1100041945208,,,,,,,,,,,,,,,,,,,,,,,,,,,,,1,,0,1.6764,3134.0,129.44666862470973,2948.6008090977843,31012.0,384.0,9696.0,4034.0,0.0,1501.5566728192305,0.0,0.0,95.0,55.0,,,,,,,,,,,,,,37.0,69.0,-5829.0,1042.0,17766.0,0.0,-6275.0,3733.0,1.0,0.0,23595.0,17891.0,0.0,1971.0,71.0,54.431
20160622,24.28219178082192,72.0,1372.0971943315071,,,,,,,,,,,,,,,,,,,,,,,,,,,,,1,,0,1.6764,2872.0,249.25941354130183,2984.0529881633524,31474.0,319.0,8771.0,4113.0,0.0,1621.356607872809,0.0,0.0,121.0,56.0,,,,,,,,,,,,,,36.0,63.0,-4658.0,911.0,17955.0,0.0,-5258.0,3701.0,1.0,0.0,22613.0,18528.0,0.0,384.0,88.0,54.431
20160623,24.284931506849315,73.0,1372.0843844684932,,,,,,,,,,,,,,,,,,,,,,,,,,,,,1,,0,1.6764,379.0,110.50682780158913,681.8976359349563,32400.0,129.0,32400.0,870.0,0.0,1482.5912122700825,0.0,0.0,79.0,65.0,,,,,,,,,,,,,,5.0,66.0,-4529.0,1208.0,18242.0,0.0,-5129.0,5250.0,1.0,0.0,22163.0,14912.0,0.0,2001.0,89.0,54.431
20160624,24.28767123287671,71.0,1372.0715746054796,,,,,,,,,,,,,,,,,,,,,,,,,,,,,1,,0,1.6764,5213.0,212.194531319383,5247.046699548887,30549.0,1348.0,6884.0,7240.0,0.0,1584.2661059248626,1.0,1440.0,98.0,49.0,,,,,,,,,,,,,,47.0,65.0,-3772.0,1176.0,18734.0,1.0,-4222.0,3080.0,1.0,0.0,22024.0,17129.0,0.0,1815.0,74.0,54.431
20160625,24.29041095890411,72.0,1372.0587647424659,,,,,,,,,,,,,,,,,,,,,,,,,,,,,1,,0,1.6764,6561.0,346.564150337746,6297.874720037003,25392.0,892.0,8525.0,8969.0,11.0,1718.622915080212,0.0,0.0,89.0,56.0,,,,,,,,,,,,,,22.0,63.0,1905.0,2594.0,36179.0,2.0,1487.0,7681.0,1.0,0.0,32580.0,20982.0,0.0,3917.0,72.0,54.431
20160626,24.293150684931508,70.0,1372.0459548794522,,,,,,,,,,,,,,,,,,,,,,,,,,,,,1,,0,1.6764,1735.0,92.98315334316,1531.0000000014,30889.0,323.0,12237.0,2047.0,11.0,1465.0291082226122,0.0,0.0,109.0,50.0,,,,,,,,,,,,,,68.0,59.0,1193.0,1164.0,30715.0,0.0,593.0,4899.0,1.0,0.0,29522.0,22285.0,0.0,2338.0,71.0,54.431
20160627,24.295890410958904,74.0,1372.0331450164385,,,,,,,,,,,,,,,,,,,,,,,,,,,,,1,,0,1.6764,2754.0,159.88935047389998,2685.0,31389.0,444.0,12785.0,3690.0,0.0,1531.9224954903384,0.0,0.0,94.0,55.0,,,,,,,,,,,,,,53.0,62.0,-3048.0,946.0,16991.0,0.0,-3648.0,5418.0,1.0,0.0,20039.0,13308.0,0.0,1313.0,67.0,54.431
20160628,24.2986301369863,71.0,1372.0203351534249,,,,,,,,,,,,,,,,,,,,,,,,,,,,,1,,0,1.6764,797.0,736.409807175555,1252.0710000954223,32400.0,420.0,32400.0,1578.0,0.0,2108.43014232898,0.0,0.0,72.0,70.0,,,,,,,,,,,,,,3.0,67.0,-5141.0,2112.0,17425.0,2.0,-5594.0,4794.0,1.0,0.0,20958.0,15812.0,0.0,352.0,72.0,54.431
20160629,24.301369863013697,68.0,1372.0075252904112,,,,,,,,,,,,,,,,,,,,,,,,,,,,,1,,0,1.6764,2811.0,115.5000330796058,2775.2101498843313,31772.0,321.0,13347.0,3799.0,0.0,1487.507558370017,0.0,0.0,112.0,55.0,,,,,,,,,,,,,,35.0,59.0,-5568.0,916.0,18836.0,1.0,-6014.0,5916.0,1.0,0.0,24051.0,16324.0,0.0,1811.0,71.0,54.431
20160630,24.304109589041097,75.0,1371.9947154273975,,,,,,,,,,,,,,,,,,,,,,,,,,,,,1,,0,1.6764,3325.0,151.57354006040646,3625.498879211966,31208.0,448.0,8196.0,5003.0,0.0,1523.568255487804,0.0,0.0,154.0,57.0,,,,,,,,,,,,,,36.0,56.0,-4339.0,883.0,17939.0,0.0,-4939.0,3200.0,1.0,0.0,22278.0,17635.0,0.0,1443.0,73.0,54.431
20160701,24.306849315068494,72.0,1371.9819055643836,,,,,,,,,,,,,,,,,,,,,,,,,,,,,1,,0,1.6764,3777.0,102.76382600855732,3415.0467001166044,30783.0,512.0,5706.0,4618.0,6.0,1474.745731572941,0.0,0.0,94.0,49.0,,,,,,,,,,,,,,45.0,59.0,-5129.0,1823.0,19236.0,2.0,-5429.0,8129.0,1.0,0.0,23116.0,13610.0,0.0,1377.0,81.0,54.431
20160702,24.30958904109589,72.0,1371.96909570137,,,,,,,,,,,,,,,,,,,,,,,,,,,,,1,,0,1.6764,4080.0,154.0,4847.0,28374.0,2487.0,7692.0,6461.0,0.0,1525.96909570137,0.0,0.0,120.0,48.0,,,,,,,,,,,,,,56.0,64.0,-3576.0,718.0,34247.0,0.0,-4176.0,4839.0,1.0,0.0,37823.0,29257.0,0.0,3727.0,81.0,54.431
20160703,24.312328767123287,70.0,1371.9562858383563,,,,,,,,,,,,,,,,,,,,,,,,,,,,,1,,0,1.6764,3122.0,105.0,3684.0,29342.0,1970.0,10842.0,5091.0,73.0,1476.9562858383563,0.0,0.0,98.0,55.0,,,,,,,,,,,,,,26.0,63.0,5712.0,2383.0,37538.0,1.0,5112.0,9369.0,1.0,0.0,31442.0,18534.0,0.0,3539.0,61.0,54.431
20160704,24.315068493150687,78.0,1371.9434759753426,,,,,,,,,,,,,,,,,,,,,,,,,,,,,1,,0,1.6764,2831.0,133.0,3324.0,29398.0,1851.0,18852.0,4531.0,0.0,1504.9434759753426,1.0,1740.0,96.0,47.0,,,,,,,,,,,,,,35.0,64.0,-961.0,2356.0,30437.0,1.0,-1561.0,8345.0,1.0,0.0,30723.0,16399.0,0.0,5979.0,64.0,54.431
20160705,24.317808219178083,72.0,1371.930666112329,,,,,,,,,,,,,,,,,,,,,,,,,,,,,1,,0,1.6764,3827.0,104.0,3618.0,30513.0,448.0,7625.0,4984.0,0.0,1475.930666112329,0.0,0.0,104.0,51.0,,,,,,,,,,,,,,68.0,57.0,-5956.0,719.0,17847.0,0.0,-6556.0,6609.0,1.0,0.0,23803.0,14258.0,0.0,2936.0,84.0,54.431
20160706,24.32054794520548,74.0,1371.9178562493153,,,,,,,,,,,,,,,,,,,,,,,,,,,,,1,,0,1.6764,3328.0,157.0786398649,3257.0,31401.0,514.0,10831.0,4435.0,0.0,1528.9964961142152,0.0,0.0,92.0,55.0,,,,,,,,,,,,,,48.0,57.0,-5073.0,1249.0,17706.0,0.0,-5373.0,3978.0,1.0,0.0,21860.0,14648.0,0.0,3234.0,70.0,54.431
20160707,24.323287671232876,75.0,1371.9050463863016,,,,,,,,,,,,,,,,,,,,,,,,,,,,,1,,0,1.6764,4030.0,207.709688842,3947.0,30318.0,448.0,7795.0,5360.0,0.0,1579.6147352283015,0.0,0.0,104.0,53.0,,,,,,,,,,,,,,41.0,63.0,-3312.0,945.0,18199.0,0.0,-3912.0,6566.0,1.0,0.0,21511.0,12954.0,0.0,1991.0,87.0,54.431
20160708,24.326027397260273,75.0,1371.892236523288,,,,,,,,,,,,,,,,,,,,,,,,,,,,,1,,0,1.6764,4216.0,209.906678259,3730.0,30707.0,574.0,10068.0,5133.0,0.0,1581.798914782288,0.0,0.0,101.0,56.0,,,,,,,,,,,,,,38.0,64.0,-5193.0,652.0,17947.0,0.0,-5793.0,8094.0,1.0,0.0,23140.0,13264.0,0.0,1782.0,74.0,54.431
20160709,24.328767123287673,71.0,1371.879426660274,,,,,,,,,,,,,,,,,,,,,,,,,,,,,1,,0,1.6764,3057.0,196.8530976772,3713.0,29525.0,1844.0,7576.0,4971.0,0.0,1568.732524337474,0.0,0.0,148.0,55.0,,,,,,,,,,,,,,26.0,65.0,-2470.0,2382.0,35201.0,1.0,-3070.0,8217.0,1.0,0.0,36808.0,27476.0,0.0,1115.0,80.0,54.431
20160710,24.33150684931507,75.0,1371.8666167972603,,,,,,,,,,,,,,,,,,,,,,,,,,,,,1,,0,1.6764,3252.0,182.1687662005,3520.0,29565.0,1905.0,11760.0,4821.0,30.0,1554.0353829977603,0.0,0.0,95.0,47.0,,,,,,,,,,,,,,36.0,62.0,1877.0,634.0,34518.0,0.0,1459.0,5170.0,1.0,0.0,32641.0,22238.0,0.0,5233.0,61.0,54.431
20160711,24.334246575342465,72.0,1371.8538069342467,,,,,,,,,,,,,,,,,,,,,,,,,,,,,1,,0,1.6764,3828.0,191.0397642851,3429.0,31077.0,319.0,8640.0,4678.0,0.0,1562.8935712193468,0.0,0.0,127.0,55.0,,,,,,,,,,,,,,40.0,64.0,-4637.0,502.0,18084.0,0.0,-5088.0,5746.0,1.0,0.0,22721.0,13701.0,0.0,3274.0,58.0,54.431
20160712,24.336986301369862,70.0,1371.840997071233,,,,,,,,,,,,,,,,,,,,,,,,,,,,,1,,0,1.6764,3382.0,183.7164719105,3266.0,31274.0,448.0,8322.0,4476.0,0.0,1555.557468981733,0.0,0.0,85.0,55.0,,,,,,,,,,,,,,32.0,54.0,-4731.0,688.0,18377.0,0.0,-5331.0,6299.0,1.0,0.0,23108.0,14643.0,0.0,2166.0,75.0,54.431
20160713,24.339726027397262,68.0,1371.8281872082193,,,,,,,,,,,,,,,,,,,,,,,,,,,,,1,,0,1.6764,3004.0,93.77219426627977,2921.0,31521.0,511.0,12064.0,3978.0,0.0,1465.600381474499,0.0,0.0,99.0,55.0,,,,,,,,,,,,,,47.0,60.0,-3455.0,1427.0,17055.0,0.0,-4055.0,5973.0,1.0,0.0,20510.0,14537.0,0.0,0.0,82.0,54.431
20160714,24.34246575342466,75.0,1371.8153773452057,,,,,,,,,,,,,,,,,,,,,,,,,,,,,1,,0,1.6764,316.0,11.768035769459999,308.0,32400.0,253.0,32400.0,417.0,0.0,1383.5834131146657,0.0,0.0,83.0,66.0,,,,,,,,,,,,,,2.0,60.0,-1540.0,1382.0,18812.0,2.0,-1840.0,6620.0,1.0,0.0,19416.0,11132.0,0.0,1664.0,69.0,54.431
20160715,24.345205479452055,72.0,1371.802567482192,,,,,,,,,,,,,,,,,,,,,,,,,,,,,1,,0,1.6764,3258.0,210.488009572,3547.0,27283.0,513.0,6333.0,4849.0,0.0,1582.290577054192,0.0,0.0,99.0,56.0,,,,,,,,,,,,,,46.0,62.0,-5677.0,849.0,19086.0,1.0,-6093.0,4377.0,1.0,0.0,24381.0,18936.0,0.0,1068.0,74.0,54.431
20160716,24.34794520547945,78.0,1371.7897576191783,,,,,,,,,,,,,,,,,,,,,,,,,,,,,1,,0,1.6764,5298.0,288.213048458,5531.0,25448.0,1457.0,3845.0,7617.0,0.0,1660.0028060771783,0.0,0.0,105.0,62.0,,,,,,,,,,,,,,36.0,64.0,-2220.0,2589.0,30586.0,0.0,-2820.0,7305.0,1.0,0.0,32806.0,21537.0,0.0,3964.0,68.0,54.431
20160717,24.350684931506848,65.0,1371.7769477561646,,,,,,,,,,,,,,,,,,,,,,,,,,,,,1,,0,1.6764,2619.0,157.3224220276,3157.0,26179.0,1916.0,14617.0,4309.0,0.0,1529.0993697837646,0.0,0.0,81.0,55.0,29740.0,1530.0,44155.0,1.0,29440.0,3509.0,1.0,0.0,13237.0,9728.0,0.0,0.0,66.0,23.0,59.0,3335.0,923.0,23472.0,0.0,2920.0,7846.0,1.0,0.0,20137.0,8480.0,0.0,3811.0,62.0,54.431
20160718,24.353424657534248,71.0,1371.7641378931507,,,,,,,,,,,,,,,,,,,,,,,,,,,,,1,,0,1.6764,3634.0,186.3513478041,3366.0,27854.0,574.0,6856.0,4618.0,0.0,1558.1154856972507,0.0,0.0,115.0,55.0,,,,,,,,,,,,,,25.0,71.0,-1171.0,1135.0,19020.0,1.0,-1771.0,3613.0,1.0,0.0,19806.0,12767.0,0.0,3426.0,63.0,54.431
20160719,24.356164383561644,70.0,1371.751328030137,,,,,,,,,,,,,,,,,,,,,,,,,,,,,1,,0,1.6764,3702.0,177.3142550588,3267.0,27872.0,511.0,12159.0,4451.0,0.0,1549.065583088937,0.0,0.0,106.0,55.0,,,,,,,,,,,,,,30.0,62.0,-8001.0,2363.0,18899.0,2.0,-8415.0,7437.0,1.0,0.0,25333.0,15530.0,0.0,2366.0,66.0,54.431
20160720,24.35890410958904,72.0,1371.7385181671234,,,,,,,,,,,,,,,,,,,,,,,,,,,,,1,,0,1.6764,3202.0,89.0,3376.0,27861.0,511.0,10683.0,4590.0,0.0,1460.7385181671234,0.0,0.0,102.0,55.0,,,,,,,,,,,,,,61.0,59.0,-4849.0,3003.0,19452.0,3.0,-5449.0,5545.0,1.0,0.0,21898.0,14455.0,0.0,1898.0,79.0,54.431
20160721,24.361643835616437,69.0,1371.7257083041097,,,,,,,,,,,,,,,,,,,,,,,,,,,,,1,,0,1.6764,3449.0,97.00000000003399,3385.99999999987,27663.0,451.0,7553.0,4648.0,0.0,1468.7257083041436,0.0,0.0,91.0,55.0,0.0,0.0,0.0,0.0,0.0,0.0,0.0,0.0,0.0,0.0,0.0,0.0,0.0,40.0,0.0,-4500.0,0.0,20100.0,0.0,-4500.0,0.0,1.0,0.0,24600.0,0.0,0.0,0.0,0.0,54.431
20160722,24.364383561643834,70.0,1371.712898441096,,,,,,,,,,,,,,,,,,,,,,,,,,,,,1,,0,1.6764,3008.0,82.0,2996.0,27087.0,449.0,4865.0,4061.0,0.0,1453.712898441096,0.0,0.0,119.0,49.0,,,,,,,,,,,,,,55.0,65.0,-5235.0,655.0,16723.0,0.0,-5835.0,5253.0,1.0,0.0,21958.0,15844.0,0.0,861.0,73.0,54.431
20160723,24.367123287671234,71.0,1371.7000885780824,,,,,,,,,,,,,,,,,,,,,,,,,,,,,1,,0,1.6764,2864.0,105.0,3402.0,26006.0,1905.0,9940.0,4654.0,0.0,1476.7000885780824,0.0,0.0,95.0,56.0,,,,,,,,,,,,,,30.0,67.0,834.0,2393.0,35886.0,2.0,234.0,9569.0,1.0,0.0,33677.0,19271.0,0.0,4837.0,62.0,54.431
20160724,24.36986301369863,71.0,1371.6872787150687,,,,,,,,,,,,,,,,,,,,,,,,,,,,,1,,0,1.6764,576.0,9.0,438.0,23822.0,128.0,11603.0,620.0,23.0,1380.6872787150687,0.0,0.0,97.0,55.0,,,,,,,,,,,,,,18.0,61.0,2695.0,2058.0,31047.0,0.0,2095.0,8066.0,1.0,0.0,28352.0,16824.0,0.0,3462.0,58.0,54.431
20160725,24.372602739726027,69.0,1371.674468852055,,,,,,,,,,,,,,,,,,,,,,,,,,,,,1,,0,1.6764,3252.0,87.0,3190.0,27797.0,445.0,7559.0,4380.0,0.0,1458.674468852055,0.0,0.0,83.0,55.0,,,,,,,,,,,,,,22.0,58.0,-5381.0,880.0,18566.0,0.0,-5981.0,6577.0,1.0,0.0,23947.0,14913.0,0.0,2457.0,0.0,54.431
20160726,24.375342465753423,67.0,1371.6616589890414,,,,,,,,,,,,,,,,,,,,,,,,,,,,,1,,0,1.6764,3647.0,92.0,3326.0,27413.0,449.0,7101.0,4566.0,0.0,1463.6616589890414,0.0,0.0,91.0,55.0,,,,,,,,,,,,,,39.0,57.0,-5032.0,1071.0,18621.0,1.0,-5632.0,5451.0,1.0,0.0,23236.0,15623.0,0.0,2162.0,77.0,54.431
20160727,24.378082191780823,70.0,1371.6488491260275,,,,,,,,,,,,,,,,,,,,,,,,,,,,,1,,0,1.6764,2679.0,74.0,2856.0,28108.0,445.0,8829.0,3914.0,0.0,1445.6488491260275,0.0,0.0,96.0,55.0,,,,,,,,,,,,,,43.0,57.0,-4536.0,977.0,19442.0,1.0,-5136.0,5158.0,1.0,0.0,23625.0,16154.0,0.0,2313.0,67.0,54.431
20160728,24.38082191780822,69.0,1371.6360392630138,,,,,,,,,,,,,,,,,,,,,,,,,,,,,1,,0,1.6764,3118.0,86.0,2945.0,27927.0,573.0,7241.0,4023.0,0.0,1457.6360392630138,0.0,0.0,95.0,55.0,,,,,,,,,,,,,,42.0,62.0,-3610.0,1458.0,19403.0,1.0,-4210.0,4243.0,1.0,0.0,22278.0,16796.0,0.0,1239.0,81.0,54.431
20160729,24.383561643835616,68.0,1371.6232294000001,,,,,,,,,,,,,,,,,,,,,,,,,,,,,1,,0,1.6764,3067.0,85.0,2873.0,27745.0,513.0,6173.0,3951.0,0.0,1456.6232294000001,0.0,0.0,85.0,55.0,,,,,,,,,,,,,,24.0,59.0,-4617.0,1208.0,18551.0,1.0,-5099.0,3403.0,1.0,0.0,22687.0,16481.0,0.0,2803.0,90.0,54.431
20160730,24.386301369863013,72.0,1371.6104195369865,,,,,,,,,,,,,,,,,,,,,,,,,,,,,1,,0,1.6764,3766.0,151.0,3853.0,25312.0,1146.0,7069.0,5239.0,0.0,1522.6104195369865,1.0,2040.0,88.0,48.0,,,,,,,,,,,,,,41.0,62.0,831.0,2159.0,33370.0,1.0,231.0,10792.0,1.0,0.0,31958.0,18560.0,0.0,2606.0,0.0,54.431
20160731,24.389041095890413,69.0,1371.5976096739728,,,,,,,,,,,,,,,,,,,,,,,,,,,,,1,,0,1.6764,2636.0,119.0,3286.0,26441.0,1850.0,7907.0,4505.0,59.0,1490.5976096739728,1.0,1740.0,102.0,55.0,,,,,,,,,,,,,,44.0,66.0,5597.0,3127.0,36640.0,3.0,4997.0,7177.0,1.0,0.0,29086.0,19890.0,0.0,2019.0,67.0,54.431
20160801,24.39178082191781,69.0,1371.584799810959,,,,,,,,,,,,,,,,,,,,,,,,,,,,,1,,0,1.6764,3134.0,78.99999999995,3043.00000000171,28051.0,511.0,6281.0,4220.0,0.0,1450.584799810909,0.0,0.0,111.0,53.0,,,,,,,,,,,,,,41.0,59.0,-1972.0,752.0,19171.0,0.0,-2572.0,7807.0,1.0,0.0,21143.0,11704.0,0.0,1632.0,66.0,54.431
20160802,24.394520547945206,72.0,1371.5719899479454,,,,,,,,,,,,,,,,,,,,,,,,,,,,,1,,0,1.6764,3514.0,83.0,3106.0,27847.0,449.0,7228.0,4289.0,0.0,1454.5719899479454,0.0,0.0,123.0,44.0,,,,,,,,,,,,,,50.0,64.0,-3079.0,1203.0,18185.0,1.0,-3679.0,3974.0,1.0,0.0,20721.0,14891.0,0.0,1856.0,76.0,54.431
20160803,24.397260273972602,67.0,1371.5591800849315,,,,,,,,,,,,,,,,,,,,,,,,,,,,,1,,0,1.6764,3129.0,88.0,3086.0,28298.0,515.0,7946.0,4185.0,0.0,1459.5591800849315,0.0,0.0,86.0,55.0,,,,,,,,,,,,,,37.0,58.0,-4116.0,600.0,19486.0,0.0,-4716.0,6487.0,1.0,0.0,23602.0,14015.0,0.0,3100.0,74.0,54.431
20160804,24.4,76.0,1371.5463702219179,,,,,,,,,,,,,,,,,,,,,,,,,,,,,1,,0,1.6764,3079.0,91.0,3132.0,28056.0,448.0,8064.0,4254.0,0.0,1462.5463702219179,0.0,0.0,151.0,55.0,,,,,,,,,,,,,,35.0,58.0,-5242.0,982.0,18958.0,0.0,-5843.0,4802.0,1.0,0.0,24200.0,17922.0,0.0,1476.0,0.0,54.431
20160805,24.4027397260274,70.0,1371.5335603589042,,,,,,,,,,,,,,,,,,,,,,,,,,,,,1,,0,1.6764,3054.0,97.27101016167339,2919.070049933743,27677.0,449.0,7379.0,3924.0,0.0,1468.8045705205775,0.0,0.0,95.0,55.0,,,,,,,,,,,,,,56.0,60.0,-4074.0,975.0,18712.0,0.0,-4674.0,6263.0,1.0,0.0,22786.0,13054.0,0.0,3469.0,0.0,54.431
20160806,24.405479452054795,73.0,1371.5207504958905,,,,,,,,,,,,,,,,,,,,,,,,,,,,,1,,0,1.6764,2484.0,106.0,3303.0,26257.0,1844.0,11720.0,4430.0,0.0,1477.5207504958905,0.0,0.0,92.0,55.0,,,,,,,,,,,,,,36.0,60.0,-26.0,3026.0,43199.0,2.0,-626.0,9710.0,1.0,0.0,41527.0,29487.0,0.0,2330.0,66.0,54.431
20160807,24.40821917808219,71.0,1371.5079406328769,,,,,,,,,,,,,,,,,,,,,,,,,,,,,1,,0,1.6764,2288.0,91.0,2904.0,26581.0,1843.0,10063.0,3958.0,23.0,1462.5079406328769,0.0,0.0,101.0,55.0,,,,,,,,,,,,,,28.0,61.0,1633.0,2742.0,32689.0,1.0,1033.0,4950.0,1.0,0.0,30540.0,23744.0,0.0,1846.0,64.0,54.431
20160808,24.410958904109588,71.0,1371.4951307698632,,,,,,,,,,,,,,,,,,,,,,,,,,,,,1,,0,1.6764,3133.0,79.0,3073.0,28055.0,451.0,7301.0,4259.0,0.0,1450.4951307698632,0.0,0.0,108.0,55.0,,,,,,,,,,,,,,39.0,54.0,-4156.0,1042.0,19046.0,0.0,-4756.0,6984.0,1.0,0.0,23202.0,14053.0,0.0,2165.0,65.0,54.431
20160809,24.413698630136984,72.0,1371.4823209068495,,,,,,,,,,,,,,,,,,,,,,,,,,,,,1,,0,1.6764,3133.0,75.0,2855.0,27980.0,451.0,14647.0,3937.0,0.0,1446.4823209068495,0.0,0.0,106.0,50.0,,,,,,,,,,,,,,63.0,58.0,-5557.0,1241.0,19088.0,1.0,-6012.0,7059.0,1.0,0.0,24132.0,15981.0,0.0,1092.0,75.0,54.431
20160810,24.416438356164385,69.0,1371.4695110438358,,,,,,,,,,,,,,,,,,,,,,,,,,,,,1,,0,1.6764,2953.0,79.0,3003.0,28052.0,445.0,9292.0,4133.0,0.0,1450.4695110438358,0.0,0.0,92.0,55.0,,,,,,,,,,,,,,37.0,57.0,-4924.0,782.0,19290.0,0.0,-5524.0,5392.0,1.0,0.0,24214.0,16869.0,0.0,1953.0,77.0,54.431
20160811,24.41917808219178,68.0,1371.4567011808222,,,,,,,,,,,,,,,,,,,,,,,,,,,,,1,,0,1.6764,3455.0,92.0,3191.0,27412.0,448.0,6755.0,4384.0,0.0,1463.4567011808222,0.0,0.0,86.0,56.0,,,,,,,,,,,,,,50.0,55.0,-5152.0,627.0,18860.0,0.0,-5752.0,6752.0,1.0,0.0,24012.0,15115.0,0.0,2145.0,71.0,54.431
20160812,24.421917808219177,68.0,1371.4438913178083,,,,,,,,,,,,,,,,,,,,,,,,,,,,,1,,0,1.6764,2765.0,72.0,2825.0,27031.0,450.0,7700.0,3887.0,0.0,1443.4438913178083,0.0,0.0,87.0,55.0,,,,,,,,,,,,,,49.0,61.0,-5174.0,1424.0,19485.0,1.0,-5774.0,6149.0,1.0,0.0,23953.0,14766.0,0.0,3038.0,68.0,54.431
20160813,24.424657534246574,73.0,1371.4310814547946,,,,,,,,,,,,,,,,,,,,,,,,,,,,,1,,0,1.6764,3307.0,123.0,3701.0,25499.0,1587.0,13202.0,4884.0,0.0,1494.4310814547946,0.0,0.0,119.0,46.0,56979.0,2905.0,68999.0,1.0,56379.0,386.0,1.0,0.0,9715.0,8718.0,0.0,611.0,71.0,65.0,63.0,626.0,1326.0,31835.0,2.0,26.0,6044.0,1.0,0.0,30508.0,20910.0,0.0,3554.0,60.0,54.431
20160814,24.427397260273974,64.0,1371.418271591781,,,,,,,,,,,,,,,,,,,,,,,,,,,,,1,,0,1.6764,2362.0,93.0,2920.0,26373.0,1785.0,14910.0,4015.0,64.0,1464.418271591781,0.0,0.0,103.0,53.0,,,,,,,,,,,,,,32.0,58.0,-1525.0,4875.0,46459.0,1.0,-1825.0,8960.0,1.0,0.0,43619.0,29483.0,0.0,5176.0,61.0,54.431
20160815,24.43013698630137,74.0,1371.4054617287672,,,,,,,,,,,,,,,,,,,,,,,,,,,,,1,,0,1.6764,2940.0,78.0,2744.0,28365.0,513.0,10553.0,3723.0,0.0,1449.4054617287672,0.0,0.0,116.0,54.0,,,,,,,,,,,,,,54.0,53.0,-1504.0,574.0,18996.0,0.0,-1804.0,7198.0,1.0,0.0,20500.0,9903.0,0.0,3399.0,55.0,54.431
20160816,24.432876712328767,74.0,1371.3926518657536,,,,,,,,,,,,,,,,,,,,,,,,,,,,,1,,0,1.6764,2623.0,72.0,2589.0,28303.0,447.0,13514.0,3535.0,0.0,1443.3926518657536,0.0,0.0,91.0,55.0,,,,,,,,,,,,,,61.0,63.0,-4571.0,1866.0,19275.0,1.0,-5428.0,5883.0,1.0,0.0,22889.0,15182.0,0.0,1824.0,69.0,54.431
20160817,24.435616438356163,68.0,1371.37984200274,,,,,,,,,,,,,,,,,,,,,,,,,,,,,1,,0,1.6764,3141.0,87.0,3177.0,28242.0,449.0,7374.0,4379.0,0.0,1458.37984200274,0.0,0.0,102.0,55.0,,,,,,,,,,,,,,59.0,63.0,-4124.0,2334.0,17797.0,2.0,-4724.0,3805.0,1.0,0.0,20563.0,13014.0,0.0,3744.0,69.0,54.431
20160818,24.438356164383563,72.0,1371.3670321397262,,,,,,,,,,,,,,,,,,,,,,,,,,,,,1,,0,1.6764,3453.0,88.0,3063.0,28172.0,511.0,9543.0,4166.0,0.0,1459.3670321397262,0.0,0.0,107.0,55.0,,,,,,,,,,,,,,57.0,64.0,-5004.0,750.0,19183.0,0.0,-5416.0,7520.0,1.0,0.0,24187.0,15196.0,0.0,1471.0,73.0,54.431
20160819,24.44109589041096,71.0,1371.3542222767126,,,,,,,,,,,,,,,,,,,,,,,,,,,,,1,,0,1.6764,3262.0,88.0,3335.0,27161.0,451.0,7766.0,4595.0,0.0,1459.3542222767126,0.0,0.0,103.0,56.0,,,,,,,,,,,,,,43.0,57.0,-3521.0,1049.0,19299.0,0.0,-3938.0,5424.0,1.0,0.0,22243.0,14540.0,0.0,2279.0,76.0,54.431
20160820,24.443835616438356,76.0,1371.341412413699,,,,,,,,,,,,,,,,,,,,,,,,,,,,,1,,0,1.6764,4025.0,184.0,4523.0,25428.0,1907.0,6726.0,5924.0,0.0,1555.341412413699,1.0,2940.0,114.0,54.0,,,,,,,,,,,,,,45.0,67.0,682.0,3120.0,35243.0,2.0,82.0,10666.0,1.0,0.0,33187.0,17165.0,0.0,5356.0,62.0,54.431
20160821,24.446575342465753,74.0,1371.328602550685,,,,,,,,,,,,,,,,,,,,,,,,,,,,,1,,0,1.6764,2426.0,95.0,3151.0,26575.0,1790.0,9605.0,4249.0,16.0,1466.328602550685,0.0,0.0,97.0,50.0,,,,,,,,,,,,,,50.0,69.0,4002.0,2290.0,36771.0,1.0,3402.0,7720.0,1.0,0.0,32192.0,18750.0,0.0,5722.0,71.0,54.431
20160822,24.44931506849315,68.0,1371.3157926876713,,,,,,,,,,,,,,,,,,,,,,,,,,,,,1,,0,1.6764,3705.0,96.0,3281.0,27863.0,511.0,7940.0,4497.0,0.0,1467.3157926876713,0.0,0.0,111.0,44.0,,,,,,,,,,,,,,37.0,55.0,-5432.0,488.0,19148.0,0.0,-5732.0,5370.0,1.0,0.0,24580.0,15764.0,0.0,3446.0,67.0,54.431
20160823,24.45205479452055,71.0,1371.3029828246576,,,,,,,,,,,,,,,,,,,,,,,,,,,,,1,,0,1.6764,2885.0,80.0,2996.0,28235.0,386.0,10157.0,4049.0,0.0,1451.3029828246576,0.0,0.0,99.0,45.0,,,,,,,,,,,,,,54.0,58.0,-5073.0,1296.0,16909.0,0.0,-5673.0,4793.0,1.0,0.0,21982.0,16427.0,0.0,762.0,81.0,54.431
20160824,24.454794520547946,70.0,1371.290172961644,,,,,,,,,,,,,,,,,,,,,,,,,,,,,1,,0,1.6764,2744.0,83.0,2789.0,28244.0,572.0,9229.0,3805.0,0.0,1454.290172961644,0.0,0.0,137.0,55.0,,,,,,,,,,,,,,39.0,65.0,-4246.0,1555.0,18994.0,1.0,-4846.0,7385.0,1.0,0.0,22696.0,12762.0,0.0,2549.0,67.0,54.431
20160825,24.457534246575342,68.0,1371.2773630986303,,,,,,,,,,,,,,,,,,,,,,,,,,,,,1,,0,1.6764,2485.0,77.0,2811.0,28361.0,447.0,9642.0,3863.0,0.0,1448.2773630986303,0.0,0.0,88.0,55.0,,,,,,,,,,,,,,36.0,61.0,-4086.0,1744.0,18387.0,1.0,-4686.0,4999.0,1.0,0.0,21739.0,14160.0,0.0,2580.0,73.0,54.431
20160826,24.46027397260274,77.0,1371.2645532356166,,,,,,,,,,,,,,,,,,,,,,,,,,,,,1,,0,1.6764,6325.0,147.0,5551.0,25748.0,1335.0,8326.0,7693.0,0.0,1518.2645532356166,0.0,0.0,99.0,55.0,,,,,,,,,,,,,,42.0,60.0,-3963.0,1423.0,19116.0,1.0,-4563.0,2178.0,1.0,0.0,22439.0,17313.0,0.0,2948.0,0.0,54.431
20160827,24.463013698630135,75.0,1371.251743372603,,,,,,,,,,,,,,,,,,,,,,,,,,,,,1,,0,1.6764,3197.0,110.0,3645.0,25756.0,1978.0,6247.0,4943.0,0.0,1481.251743372603,0.0,0.0,132.0,55.0,,,,,,,,,,,,,,31.0,63.0,-1288.0,1197.0,34810.0,1.0,-1888.0,10131.0,1.0,0.0,35619.0,22364.0,0.0,3124.0,71.0,54.431
20160828,24.465753424657535,74.0,1371.2389335095893,,,,,,,,,,,,,,,,,,,,,,,,,,,,,1,,0,1.6764,2938.0,104.0,3202.0,26079.0,1849.0,7697.0,4327.0,19.0,1475.2389335095893,0.0,0.0,105.0,55.0,,,,,,,,,,,,,,32.0,61.0,4957.0,1022.0,33876.0,0.0,4342.0,10511.0,1.0,0.0,28919.0,15978.0,0.0,2430.0,67.0,54.431
20160829,24.46849315068493,71.0,1371.2261236465756,,,,,,,,,,,,,,,,,,,,,,,,,,,,,1,,0,1.6764,3137.0,87.0,3430.0,27851.0,446.0,5620.0,4769.0,0.0,1458.2261236465756,0.0,0.0,94.0,52.0,,,,,,,,,,,,,,32.0,61.0,-4328.0,1198.0,17654.0,1.0,-4928.0,3136.0,1.0,0.0,21537.0,15293.0,0.0,3108.0,68.0,54.431
20160830,24.471232876712328,68.0,1371.2133137835617,,,,,,,,,,,,,,,,,,,,,,,,,,,,,1,,0,1.6764,3642.0,94.0,3303.0,28359.0,448.0,7479.0,4505.0,0.0,1465.2133137835617,0.0,0.0,100.0,55.0,,,,,,,,,,,,,,37.0,55.0,-4402.0,1082.0,18574.0,0.0,-5267.0,6795.0,1.0,0.0,22976.0,14267.0,0.0,1914.0,0.0,54.431
20160831,24.473972602739725,71.0,1371.200503920548,,,,,,,,,,,,,,,,,,,,,,,,,,,,,1,,0,1.6764,2491.0,69.0,2816.0,28177.0,449.0,13830.0,3891.0,0.0,1440.200503920548,0.0,0.0,88.0,55.0,,,,,,,,,,,,,,27.0,61.0,-3647.0,1912.0,18888.0,2.0,-4247.0,6384.0,1.0,0.0,21440.0,12476.0,0.0,2580.0,75.0,54.431
20160901,24.476712328767125,72.0,1371.1876940575344,,,,,,,,,,,,,,,,,,,,,,,,,,,,,1,,0,1.6764,3644.0,94.0,3287.0,27922.0,449.0,9547.0,4450.0,0.0,1465.1876940575344,0.0,0.0,90.0,55.0,,,,,,,,,,,,,,38.0,60.0,-3509.0,1367.0,19461.0,1.0,-4109.0,5753.0,1.0,0.0,22203.0,15048.0,0.0,1402.0,75.0,54.431
20160902,24.47945205479452,68.0,1371.1748841945207,,,,,,,,,,,,,,,,,,,,,,,,,,,,,1,,0,1.6764,3059.0,79.0,2848.0,27609.0,512.0,9752.0,3908.0,0.0,1450.1748841945207,0.0,0.0,97.0,54.0,,,,,,,,,,,,,,37.0,54.0,-4718.0,934.0,19248.0,0.0,-5135.0,5826.0,1.0,0.0,23449.0,15125.0,0.0,2498.0,76.0,54.431
20160903,24.482191780821918,78.0,1371.162074331507,,,,,,,,,,,,,,,,,,,,,,,,,,,,,1,,0,1.6764,5684.0,140.0,5566.0,23116.0,1280.0,13070.0,7913.0,0.0,1511.162074331507,0.0,0.0,123.0,57.0,,,,,,,,,,,,,,26.0,59.0,-322.0,3924.0,44776.0,2.0,-922.0,11228.0,1.0,0.0,42088.0,25940.0,0.0,4920.0,74.0,54.431
20160904,24.484931506849314,75.0,1371.1492644684934,,,,,,,,,,,,,,,,,,,,,,,,,,,,,1,,0,1.6764,444.0,8.0,425.0,28288.0,65.0,17542.0,596.0,33.0,1379.1492644684934,0.0,0.0,130.0,43.0,,,,,,,,,,,,,,174.0,59.0,3693.0,2128.0,37634.0,1.0,3093.0,8845.0,1.0,0.0,33492.0,21231.0,0.0,3416.0,72.0,54.431
20160905,24.487671232876714,70.0,1371.1364546054797,,,,,,,,,,,,,,,,,,,,,,,,,,,,,1,,0,1.6764,896.0,36.0,1146.0,28106.0,259.0,10534.0,1431.0,10.0,1407.1364546054797,0.0,0.0,92.0,52.0,,,,,,,,,,,,,,73.0,57.0,4978.0,1874.0,30835.0,0.0,3379.0,6464.0,1.0,0.0,25857.0,17198.0,0.0,2195.0,70.0,54.431
20160906,24.49041095890411,69.0,1371.123644742466,,,,,,,,,,,,,,,,,,,,,,,,,,,,,1,,0,1.6764,2807.0,79.0,3043.0,28357.0,444.0,10025.0,4148.0,0.0,1450.123644742466,0.0,0.0,84.0,55.0,,,,,,,,,,,,,,49.0,56.0,-1572.0,720.0,17906.0,0.0,-2172.0,5315.0,1.0,0.0,19478.0,12149.0,0.0,2014.0,61.0,54.431
20160907,24.493150684931507,72.0,1371.110834879452,,,,,,,,,,,,,,,,,,,,,,,,,,,,,1,,0,1.6764,3200.0,96.0,3352.0,27982.0,513.0,11906.0,4544.0,0.0,1467.110834879452,0.0,0.0,116.0,56.0,,,,,,,,,,,,,,47.0,58.0,-2987.0,1200.0,18840.0,0.0,-3587.0,3383.0,1.0,0.0,21827.0,15924.0,0.0,2520.0,72.0,54.431
20160908,24.495890410958904,73.0,1371.0980250164384,,,,,,,,,,,,,,,,,,,,,,,,,,,,,1,,0,1.6764,3074.0,85.0,3128.0,27985.0,450.0,6728.0,4233.0,0.0,1456.0980250164384,0.0,0.0,94.0,55.0,,,,,,,,,,,,,,37.0,59.0,-3746.0,880.0,17267.0,0.0,-4346.0,7030.0,1.0,0.0,21013.0,11829.0,0.0,2154.0,78.0,54.431
20160909,24.4986301369863,75.0,1371.0852151534248,,,,,,,,,,,,,,,,,,,,,,,,,,,,,1,,0,1.6764,7153.0,192.0,6813.0,27405.0,1528.0,7414.0,9487.0,0.0,1563.0852151534248,0.0,0.0,119.0,55.0,,,,,,,,,,,,,,42.0,53.0,-4820.0,1368.0,19288.0,1.0,-5420.0,4843.0,1.0,0.0,23340.0,15727.0,0.0,2770.0,83.0,54.431
20160910,24.5013698630137,62.0,1371.072405290411,,,,,,,,,,,,,,,,,,,,,,,,,,,,,1,,0,1.6764,320.0,9.0,243.0,3860.0,190.0,3796.0,285.0,30.0,1380.072405290411,0.0,0.0,82.0,48.0,,,,,,,,,,,,,,9.0,60.0,2001.0,1304.0,34220.0,2.0,1401.0,7310.0,1.0,0.0,31515.0,21104.0,0.0,3101.0,66.0,54.431
20160911,24.504109589041096,70.0,1371.0595954273974,,,,,,,,,,,,,,,,,,,,,,,,,,,,,1,,0,1.6764,2546.0,114.0,3317.0,26129.0,2102.0,10340.0,4386.0,15.0,1485.0595954273974,0.0,0.0,119.0,50.0,,,,,,,,,,,,,,38.0,55.0,7144.0,1238.0,42424.0,1.0,6544.0,9901.0,1.0,0.0,34642.0,21441.0,0.0,3300.0,66.0,54.431
20160912,24.506849315068493,69.0,1371.0467855643838,,,,,,,,,,,,,,,,,,,,,,,,,,,,,1,,0,1.6764,3202.0,86.0,3025.0,27923.0,388.0,10702.0,4130.0,0.0,1457.0467855643838,0.0,0.0,100.0,52.0,,,,,,,,,,,,,,50.0,51.0,-2725.0,976.0,19094.0,1.0,-3272.0,8466.0,1.0,0.0,21471.0,10698.0,0.0,2307.0,72.0,54.431
20160913,24.50958904109589,72.0,1371.03397570137,,,,,,,,,,,,,,,,,,,,,,,,,,,,,1,,0,1.6764,2816.0,76.0,2733.0,28240.0,446.0,13525.0,3758.0,0.0,1447.03397570137,0.0,0.0,93.0,55.0,,,,,,,,,,,,,,49.0,56.0,-3211.0,1081.0,17436.0,0.0,-3811.0,5385.0,1.0,0.0,20166.0,12827.0,0.0,1954.0,76.0,54.431
20160914,24.512328767123286,74.0,1371.0211658383564,,,,,,,,,,,,,,,,,,,,,,,,,,,,,1,,0,1.6764,2808.0,78.0,2653.0,27849.0,447.0,10065.0,3635.0,0.0,1449.0211658383564,0.0,0.0,105.0,45.0,,,,,,,,,,,,,,54.0,51.0,-4597.0,1120.0,19395.0,1.0,-5015.0,7534.0,1.0,0.0,23290.0,14251.0,0.0,1505.0,70.0,54.431
20160915,24.515068493150686,70.0,1371.0083559753425,,,,,,,,,,,,,,,,,,,,,,,,,,,,,1,,0,1.6764,3256.0,88.0,3230.0,27464.0,382.0,8195.0,4410.0,0.0,1459.0083559753425,0.0,0.0,87.0,56.0,,,,,,,,,,,,,,31.0,61.0,-5432.0,2776.0,19392.0,3.0,-6032.0,5117.0,1.0,0.0,22648.0,14215.0,0.0,3316.0,68.0,54.431
20160916,24.517808219178082,74.0,1370.9955461123288,,,,,,,,,,,,,,,,,,,,,,,,,,,,,1,,0,1.6764,3836.0,91.0,3318.0,27202.0,512.0,6539.0,4557.0,0.0,1461.9955461123288,0.0,0.0,114.0,62.0,,,,,,,,,,,,,,37.0,65.0,-6788.0,2450.0,19125.0,2.0,-7388.0,4759.0,1.0,0.0,24280.0,18586.0,0.0,935.0,80.0,54.431
20160917,24.52054794520548,74.0,1370.9827362493152,,,,,,,,,,,,,,,,,,,,,,,,,,,,,1,,0,1.6764,2434.0,93.0,3108.0,26505.0,1924.0,9488.0,4199.0,0.0,1463.9827362493152,0.0,0.0,97.0,43.0,,,,,,,,,,,,,,33.0,68.0,-1849.0,1209.0,39430.0,1.0,-2302.0,13209.0,1.0,0.0,40607.0,21944.0,0.0,5454.0,69.0,54.431
20160918,24.523287671232875,79.0,1370.9699263863015,,,,,,,,,,,,,,,,,,,,,,,,,,,,,1,,0,1.6764,2733.0,96.0,3296.0,26336.0,1971.0,7186.0,4530.0,22.0,1466.9699263863015,0.0,0.0,115.0,50.0,,,,,,,,,,,,,,39.0,72.0,2291.0,1172.0,34250.0,1.0,1691.0,4888.0,1.0,0.0,31476.0,22194.0,0.0,4394.0,68.0,54.431
20160919,24.526027397260275,75.0,1370.9571165232878,,,,,,,,,,,,,,,,,,,,,,,,,,,,,1,,0,1.6764,4152.0,111.0,3920.0,27444.0,449.0,6792.0,5257.0,0.0,1481.9571165232878,0.0,0.0,94.0,55.0,,,,,,,,,,,,,,51.0,58.0,-4073.0,913.0,17068.0,0.0,-4673.0,6245.0,1.0,0.0,21141.0,11198.0,0.0,3698.0,66.0,54.431
20160920,24.528767123287672,71.0,1370.9443066602742,,,,,,,,,,,,,,,,,,,,,,,,,,,,,1,,0,1.6764,2820.0,84.0,2844.0,28305.0,317.0,13239.0,3822.0,0.0,1454.9443066602742,0.0,0.0,91.0,55.0,,,,,,,,,,,,,,41.0,57.0,-4601.0,668.0,17396.0,0.0,-5209.0,7861.0,1.0,0.0,21997.0,10616.0,0.0,3520.0,0.0,54.431
20160921,24.53150684931507,72.0,1370.9314967972605,,,,,,,,,,,,,,,,,,,,,,,,,,,,,1,,0,1.6764,3772.0,88.0,3284.0,27531.0,257.0,7965.0,4547.0,0.0,1458.9314967972605,0.0,0.0,104.0,56.0,,,,,,,,,,,,,,36.0,64.0,-5680.0,945.0,17593.0,0.0,-6539.0,2640.0,1.0,0.0,23273.0,19348.0,0.0,1285.0,74.0,54.431
20160922,24.534246575342465,71.0,1370.9186869342468,,,,,,,,,,,,,,,,,,,,,,,,,,,,,1,,0,1.6764,2556.0,69.0,2566.0,28045.0,256.0,9746.0,3538.0,0.0,1439.9186869342468,0.0,0.0,97.0,55.0,,,,,,,,,,,,,,29.0,59.0,-3895.0,660.0,17405.0,0.0,-4495.0,5693.0,1.0,0.0,21300.0,14971.0,0.0,636.0,81.0,54.431
20160923,24.536986301369865,71.0,1370.9058770712331,,,,,,,,,,,,,,,,,,,,,,,,,,,,,1,,0,1.6764,2686.0,61.0,2117.0,27490.0,257.0,6911.0,2919.0,0.0,1431.9058770712331,0.0,0.0,97.0,57.0,,,,,,,,,,,,,,22.0,60.0,-5097.0,1492.0,19021.0,2.0,-5516.0,9004.0,1.0,0.0,23125.0,11819.0,0.0,2302.0,80.0,54.431
20160924,24.53972602739726,66.0,1370.8930672082192,,,,,,,,,,,,,,,,,,,,,,,,,,,,,1,,0,1.6764,322.0,5.0,398.0,28674.0,65.0,16921.0,578.0,0.0,1375.8930672082192,0.0,0.0,98.0,55.0,,,,,,,,,,,,,,31.0,0.0,-6600.0,0.0,36000.0,0.0,-6600.0,0.0,1.0,0.0,42600.0,0.0,0.0,0.0,0.0,54.431
20160925,24.542465753424658,68.0,1370.8802573452056,,,,,,,,,,,,,,,,,,,,,,,,,,,,,1,,0,1.6764,2890.0,141.0,3339.0,26122.0,1789.0,8250.0,4503.0,10.0,1511.8802573452056,1.0,1740.0,85.0,55.0,,,,,,,,,,,,,,23.0,61.0,-146.0,2935.0,34096.0,2.0,-1392.0,9007.0,1.0,0.0,32713.0,20510.0,0.0,3196.0,62.0,54.431
20160926,24.545205479452054,71.0,1370.867447482192,,,,,,,,,,,,,,,,,,,,,,,,,,,,,1,,0,1.6764,2885.0,71.0,2579.0,28041.0,258.0,10062.0,3525.0,0.0,1441.867447482192,0.0,0.0,107.0,47.0,,,,,,,,,,,,,,52.0,56.0,-1559.0,652.0,19268.0,1.0,-1859.0,2027.0,1.0,0.0,20475.0,8884.0,0.0,9564.0,0.0,54.431
20160927,24.54794520547945,70.0,1370.8546376191782,,,,,,,,,,,,,,,,,,,,,,,,,,,,,1,,0,1.6764,2874.0,76.0,2754.0,27800.0,194.0,6527.0,3776.0,0.0,1446.8546376191782,0.0,0.0,87.0,55.0,,,,,,,,,,,,,,40.0,68.0,-1530.0,1931.0,18542.0,1.0,-1830.0,350.0,1.0,0.0,19203.0,15349.0,0.0,3504.0,0.0,54.431
20160928,24.55068493150685,71.0,1370.8418277561645,,,,,,,,,,,,,,,,,,,,,,,,,,,,,1,,0,1.6764,2825.0,67.0,2541.0,28112.0,256.0,9816.0,3534.0,0.0,1437.8418277561645,0.0,0.0,99.0,45.0,,,,,,,,,,,,,,55.0,57.0,-5144.0,2312.0,19331.0,2.0,-5444.0,5106.0,1.0,0.0,22523.0,15149.0,0.0,2268.0,78.0,54.431
20160929,24.553424657534247,66.0,1370.8290178931509,,,,,,,,,,,,,,,,,,,,,,,,,,,,,1,,0,1.6764,2554.0,66.0,2526.0,28175.0,258.0,12240.0,3469.0,0.0,1436.8290178931509,0.0,0.0,106.0,45.0,,,,,,,,,,,,,,117.0,54.0,-4688.0,2863.0,19019.0,1.0,-5422.0,6685.0,1.0,0.0,22398.0,13857.0,0.0,1856.0,0.0,54.431
20160930,24.556164383561644,69.0,1370.8162080301372,,,,,,,,,,,,,,,,,,,,,,,,,,,,,1,,0,1.6764,2626.0,69.0,2510.0,27423.0,258.0,5127.0,3448.0,0.0,1439.8162080301372,0.0,0.0,103.0,54.0,,,,,,,,,,,,,,57.0,53.0,-1538.0,1667.0,19228.0,2.0,-1838.0,4968.0,1.0,0.0,19451.0,11877.0,0.0,2606.0,63.0,54.431
20161001,24.55890410958904,66.0,1370.8033981671235,,,,,,,,,,,,,,,,,,,,,,,,,,,,,1,,0,1.6764,315.0,5.0,444.0,28543.0,63.0,16094.0,620.0,0.0,1375.8033981671235,0.0,0.0,84.0,57.0,,,,,,,,,,,,,,26.0,57.0,-761.0,1234.0,36567.0,0.0,-1815.0,22669.0,1.0,0.0,37328.0,12643.0,0.0,2016.0,62.0,54.431
20161002,24.561643835616437,71.0,1370.7905883041099,,,,,,,,,,,,,,,,,,,,,,,,,,,,,1,,0,1.6764,2741.0,95.0,3172.0,25863.0,1211.0,11812.0,4361.0,0.0,1465.7905883041099,0.0,0.0,102.0,51.0,,,,,,,,,,,,,,40.0,58.0,1172.0,2218.0,35019.0,1.0,872.0,5299.0,1.0,0.0,32950.0,21731.0,0.0,5920.0,54.0,54.431
20161003,24.564383561643837,67.0,1370.777778441096,,,,,,,,,,,,,,,,,,,,,,,,,,,,,1,,0,1.6764,3078.0,80.0,2854.0,28042.0,257.0,9498.0,3912.0,0.0,1450.777778441096,0.0,0.0,91.0,55.0,,,,,,,,,,,,,,48.0,53.0,-4260.0,1420.0,17625.0,0.0,-4828.0,4447.0,1.0,0.0,21052.0,13619.0,0.0,2986.0,72.0,54.431
20161004,24.567123287671233,73.0,1370.7649685780823,,,,,,,,,,,,,,,,,,,,,,,,,,,,,1,,0,1.6764,3260.0,79.0,2944.0,28049.0,257.0,11457.0,4041.0,0.0,1449.7649685780823,0.0,0.0,103.0,55.0,,,,,,,,,,,,,,58.0,52.0,-4345.0,2170.0,17913.0,0.0,-5432.0,4247.0,1.0,0.0,21229.0,16050.0,0.0,932.0,69.0,54.431
20161005,24.56986301369863,68.0,1370.7521587150686,,,,,,,,,,,,,,,,,,,,,,,,,,,,,1,,0,1.6764,2556.0,68.0,2671.0,28179.0,254.0,8266.0,3680.0,0.0,1438.7521587150686,0.0,0.0,85.0,55.0,,,,,,,,,,,,,,44.0,55.0,-4941.0,1241.0,19302.0,1.0,-5355.0,5684.0,1.0,0.0,23563.0,15725.0,0.0,2154.0,73.0,54.431
20161006,24.572602739726026,69.0,1370.739348852055,,,,,,,,,,,,,,,,,,,,,,,,,,,,,1,,0,1.6764,2877.0,72.0,2609.0,27859.0,320.0,8402.0,3599.0,0.0,1442.739348852055,0.0,0.0,86.0,55.0,,,,,,,,,,,,,,37.0,56.0,-4787.0,1821.0,17756.0,1.0,-5456.0,4186.0,1.0,0.0,21391.0,15283.0,0.0,1922.0,77.0,54.431
20161007,24.575342465753426,73.0,1370.7265389890413,,,,,,,,,,,,,,,,,,,,,,,,,,,,,1,,0,1.6764,2803.0,67.0,2609.0,27404.0,256.0,11865.0,3609.0,0.0,1437.7265389890413,0.0,0.0,109.0,55.0,,,,,,,,,,,,,,61.0,57.0,-4922.0,2350.0,19152.0,2.0,-5720.0,4721.0,1.0,0.0,22639.0,15753.0,0.0,2165.0,0.0,54.431
20161008,24.578082191780823,71.0,1370.7137291260276,,,,,,,,,,,,,,,,,,,,,,,,,,,,,1,,0,1.6764,2613.0,101.0,3185.0,26321.0,1969.0,10262.0,4339.0,0.0,1471.7137291260276,0.0,0.0,96.0,55.0,,,,,,,,,,,,,,40.0,70.0,-1383.0,1714.0,41868.0,1.0,-1983.0,8688.0,1.0,0.0,42675.0,30368.0,0.0,3619.0,65.0,54.431
20161009,24.58082191780822,69.0,1370.700919263014,,,,,,,,,,,,,,,,,,,,,,,,,,,,,1,,0,1.6764,2428.0,97.0,2925.0,26195.0,1916.0,11799.0,3961.0,6.0,1467.700919263014,0.0,0.0,101.0,47.0,,,,,,,,,,,,,,22.0,61.0,2014.0,1490.0,43826.0,1.0,1414.0,6574.0,1.0,0.0,41231.0,28506.0,0.0,6151.0,64.0,54.431
20161010,24.583561643835615,73.0,1370.6881094000003,,,,,,,,,,,,,,,,,,,,,,,,,,,,,1,,0,1.6764,2867.0,74.0,2811.0,27859.0,255.0,12990.0,3888.0,6.0,1444.6881094000003,0.0,0.0,132.0,47.0,,,,,,,,,,,,,,58.0,56.0,-1088.0,1262.0,18846.0,0.0,-1821.0,5369.0,1.0,0.0,19585.0,10734.0,0.0,3482.0,67.0,54.431
20161011,24.586301369863016,72.0,1370.6752995369864,,,,,,,,,,,,,,,,,,,,,,,,,,,,,1,,0,1.6764,2490.0,68.0,2497.0,28046.0,256.0,9684.0,3390.0,0.0,1438.6752995369864,0.0,0.0,90.0,55.0,,,,,,,,,,,,,,49.0,57.0,-5026.0,1364.0,21410.0,1.0,-5626.0,5897.0,1.0,0.0,25672.0,16516.0,0.0,3259.0,56.0,54.431
20161012,24.589041095890412,68.0,1370.6624896739727,,,,,,,,,,,,,,,,,,,,,,,,,,,,,1,,0,1.6764,2880.0,79.0,2982.0,27746.0,255.0,8272.0,4054.0,0.0,1449.6624896739727,0.0,0.0,89.0,51.0,,,,,,,,,,,,,,40.0,56.0,-4403.0,992.0,16564.0,0.0,-4856.0,3969.0,1.0,0.0,20967.0,15429.0,0.0,1569.0,0.0,54.431
20161013,24.59178082191781,74.0,1370.649679810959,,,,,,,,,,,,,,,,,,,,,,,,,,,,,1,,0,1.6764,2629.0,70.0,2494.0,27468.0,258.0,6023.0,3393.0,0.0,1440.649679810959,0.0,0.0,119.0,56.0,,,,,,,,,,,,,,53.0,55.0,-3953.0,1139.0,18841.0,0.0,-4553.0,6165.0,1.0,0.0,22794.0,14128.0,0.0,2501.0,77.0,54.431
20161014,24.594520547945205,68.0,1370.6368699479453,,,,,,,,,,,,,,,,,,,,,,,,,,,,,1,,0,1.6764,2747.0,76.0,2698.0,27655.0,384.0,7552.0,3711.0,0.0,1446.6368699479453,0.0,0.0,95.0,55.0,,,,,,,,,,,,,,43.0,56.0,-4869.0,1556.0,19425.0,1.0,-5469.0,5409.0,1.0,0.0,23393.0,13971.0,0.0,4013.0,74.0,54.431
20161015,24.5972602739726,69.0,1370.6240600849317,,,,,,,,,,,,,,,,,,,,,,,,,,,,,1,,0,1.6764,3661.0,192.0,4721.0,24791.0,2733.0,5765.0,6389.0,0.0,1562.6240600849317,1.0,2640.0,88.0,54.0,,,,,,,,,,,,,,41.0,67.0,-2166.0,1338.0,36679.0,2.0,-2766.0,7141.0,1.0,0.0,38107.0,25768.0,0.0,5198.0,61.0,54.431
20161016,24.6,74.0,1370.611250221918,,,,,,,,,,,,,,,,,,,,,,,,,,,,,1,,0,1.6764,3178.0,169.0,3870.0,25420.0,2494.0,9548.0,5239.0,11.0,1539.611250221918,1.0,2340.0,123.0,49.0,,,,,,,,,,,,,,93.0,63.0,5107.0,600.0,39352.0,0.0,4507.0,9246.0,1.0,0.0,34245.0,21730.0,0.0,3269.0,60.0,54.431
20161017,24.602739726027398,73.0,1370.5984403589043,,,,,,,,,,,,,,,,,,,,,,,,,,,,,1,,0,1.6764,2887.0,77.0,2693.0,27730.0,256.0,8757.0,3705.0,0.0,1447.5984403589043,0.0,0.0,96.0,56.0,,,,,,,,,,,,,,66.0,62.0,-3061.0,510.0,16643.0,0.0,-3361.0,5131.0,1.0,0.0,19704.0,13866.0,0.0,707.0,58.0,54.431
20161018,24.605479452054794,70.0,1370.5856304958907,,,,,,,,,,,,,,,,,,,,,,,,,,,,,1,,0,1.6764,2928.0,74.0,2774.0,28167.0,254.0,7884.0,3790.0,0.0,1444.5856304958907,0.0,0.0,89.0,55.0,,,,,,,,,,,,,,52.0,58.0,-5169.0,1123.0,18331.0,1.0,-5469.0,3867.0,1.0,0.0,22730.0,16265.0,0.0,2598.0,81.0,54.431
20161019,24.60821917808219,68.0,1370.5728206328768,,,,,,,,,,,,,,,,,,,,,,,,,,,,,1,,0,1.6764,3129.0,79.0,2890.0,27728.0,255.0,6935.0,3976.0,0.0,1449.5728206328768,0.0,0.0,96.0,55.0,,,,,,,,,,,,,,50.0,55.0,-1561.0,352.0,19025.0,0.0,-1861.0,3522.0,1.0,0.0,20586.0,15142.0,0.0,1922.0,76.0,54.431
20161020,24.610958904109587,72.0,1370.560010769863,,,,,,,,,,,,,,,,,,,,,,,,,,,,,1,,0,1.6764,2999.0,79.0,2877.0,27478.0,387.0,7117.0,3924.0,0.0,1449.560010769863,0.0,0.0,96.0,54.0,,,,,,,,,,,,,,46.0,60.0,-4656.0,1454.0,19036.0,1.0,-5256.0,6316.0,1.0,0.0,23118.0,15608.0,0.0,1194.0,0.0,54.431
20161021,24.613698630136987,73.0,1370.5472009068494,,,,,,,,,,,,,,,,,,,,,,,,,,,,,1,,0,1.6764,4937.0,141.0,4891.0,27093.0,902.0,6090.0,6791.0,0.0,1511.5472009068494,0.0,0.0,86.0,55.0,,,,,,,,,,,,,,40.0,64.0,-6774.0,1367.0,19183.0,1.0,-7374.0,9069.0,1.0,0.0,25190.0,12130.0,0.0,3991.0,67.0,54.431
20161022,24.616438356164384,71.0,1370.5343910438357,,,,,,,,,,,,,,,,,,,,,,,,,,,,,1,,0,1.6764,3586.0,159.0,4251.0,25552.0,2562.0,11781.0,5684.0,0.0,1529.5343910438357,1.0,2700.0,106.0,52.0,,,,,,,,,,,,,,34.0,62.0,-855.0,4317.0,43615.0,3.0,-1784.0,12034.0,1.0,0.0,41394.0,25813.0,0.0,3547.0,0.0,54.431
20161023,24.61917808219178,70.0,1370.521581180822,,,,,,,,,,,,,,,,,,,,,,,,,,,,,1,,0,1.6764,3405.0,189.0,3956.0,25614.0,2559.0,7654.0,5294.0,17.0,1559.521581180822,1.0,2640.0,105.0,52.0,,,,,,,,,,,,,,44.0,59.0,4231.0,817.0,39642.0,0.0,3631.0,6516.0,1.0,0.0,35411.0,21782.0,0.0,7113.0,67.0,54.431
20161024,24.621917808219177,74.0,1370.5087713178084,,,,,,,,,,,,,,,,,,,,,,,,,,,,,1,,0,1.6764,2823.0,75.0,2834.0,27860.0,193.0,7004.0,3880.0,0.0,1445.5087713178084,0.0,0.0,101.0,55.0,,,,,,,,,,,,,,61.0,57.0,-3896.0,1204.0,17701.0,0.0,-4822.0,4237.0,1.0,0.0,21597.0,15183.0,0.0,2177.0,60.0,54.431
20161025,24.624657534246577,70.0,1370.4959614547947,,,,,,,,,,,,,,,,,,,,,,,,,,,,,1,,0,1.6764,3138.0,83.0,2813.0,27796.0,254.0,6804.0,3795.0,0.0,1453.4959614547947,0.0,0.0,114.0,55.0,,,,,,,,,,,,,,43.0,59.0,-3911.0,1355.0,19421.0,1.0,-4511.0,4675.0,1.0,0.0,22600.0,14997.0,0.0,2928.0,0.0,54.431
20161026,24.627397260273973,73.0,1370.483151591781,,,,,,,,,,,,,,,,,,,,,,,,,,,,,1,,0,1.6764,2359.0,71.0,2449.0,28115.0,192.0,7666.0,3289.0,0.0,1441.483151591781,0.0,0.0,98.0,55.0,,,,,,,,,,,,,,55.0,64.0,-2747.0,1295.0,18749.0,1.0,-3347.0,6041.0,1.0,0.0,21144.0,12745.0,0.0,2358.0,0.0,54.431
20161027,24.63013698630137,68.0,1370.4703417287674,,,,,,,,,,,,,,,,,,,,,,,,,,,,,1,,0,1.6764,2241.0,63.0,2183.0,28053.0,259.0,7250.0,2925.0,0.0,1433.4703417287674,0.0,0.0,89.0,55.0,,,,,,,,,,,,,,35.0,61.0,-3321.0,2659.0,18842.0,2.0,-4316.0,7181.0,1.0,0.0,20937.0,12574.0,0.0,1182.0,0.0,54.431
20161028,24.632876712328766,72.0,1370.4575318657535,,,,,,,,,,,,,,,,,,,,,,,,,,,,,1,,0,1.6764,2687.0,68.0,2448.0,27098.0,255.0,9541.0,3326.0,0.0,1438.4575318657535,0.0,0.0,87.0,55.0,,,,,,,,,,,,,,49.0,66.0,-2188.0,600.0,19232.0,0.0,-2788.0,5938.0,1.0,0.0,21420.0,12772.0,0.0,2710.0,63.0,54.431
20161029,24.635616438356166,67.0,1370.4447220027398,,,,,,,,,,,,,,,,,,,,,,,,,,,,,1,,0,1.6764,3803.0,180.0,4500.0,25539.0,2567.0,6146.0,6038.0,0.0,1550.4447220027398,1.0,2340.0,103.0,55.0,,,,,,,,,,,,,,32.0,66.0,-4697.0,5096.0,35697.0,4.0,-5461.0,9686.0,1.0,0.0,36890.0,22370.0,0.0,4834.0,65.0,54.431
20161030,24.638356164383563,71.0,1370.4319121397261,,,,,,,,,,,,,,,,,,,,,,,,,,,,,1,,0,1.6764,3409.0,195.0,3996.0,25676.0,2300.0,11005.0,5374.0,13.0,1565.4319121397261,1.0,2640.0,102.0,48.0,,,,,,,,,,,,,,27.0,68.0,1688.0,1805.0,33476.0,2.0,1088.0,6191.0,1.0,0.0,30765.0,23618.0,0.0,956.0,59.0,54.431
20161031,24.64109589041096,72.0,1370.4191022767125,,,,,,,,,,,,,,,,,,,,,,,,,,,,,1,,0,1.6764,3197.0,92.0,3290.0,28118.0,384.0,8338.0,4464.0,0.0,1462.4191022767125,0.0,0.0,106.0,55.0,,,,,,,,,,,,,,41.0,61.0,-5595.0,1268.0,18365.0,1.0,-6195.0,6007.0,1.0,0.0,23292.0,15261.0,0.0,2024.0,69.0,54.431
20161101,24.643835616438356,69.0,1370.4062924136988,,,,,,,,,,,,,,,,,,,,,,,,,,,,,1,,0,1.6764,2492.0,58.0,2150.0,27348.0,319.0,9734.0,2946.0,0.0,1428.4062924136988,0.0,0.0,90.0,55.0,,,,,,,,,,,,,,27.0,67.0,-4994.0,606.0,19152.0,0.0,-5346.0,4533.0,1.0,0.0,24146.0,17671.0,0.0,1942.0,63.0,54.431
20161102,24.646575342465752,77.0,1370.3934825506851,,,,,,,,,,,,,,,,,,,,,,,,,,,,,1,,0,1.6764,2243.0,50.0,2082.0,27924.0,195.0,9238.0,2871.0,0.0,1420.3934825506851,0.0,0.0,108.0,51.0,,,,,,,,,,,,,,83.0,63.0,-7060.0,2070.0,18485.0,2.0,-7660.0,5312.0,1.0,0.0,24419.0,18288.0,0.0,819.0,72.0,54.431
20161103,24.649315068493152,71.0,1370.3806726876714,,,,,,,,,,,,,,,,,,,,,,,,,,,,,1,,0,1.6764,2234.0,53.0,1973.0,27606.0,192.0,8061.0,2733.0,0.0,1423.3806726876714,0.0,0.0,90.0,53.0,,,,,,,,,,,,,,56.0,64.0,-4784.0,2077.0,19320.0,1.0,-5620.0,4061.0,1.0,0.0,22863.0,17838.0,0.0,964.0,66.0,54.431
20161104,24.65205479452055,77.0,1370.3678628246578,,,,,,,,,,,,,,,,,,,,,,,,,,,,,1,,0,1.6764,2616.0,85.0,2919.0,26780.0,1084.0,10132.0,3927.0,10.0,1455.3678628246578,0.0,0.0,99.0,54.0,,,,,,,,,,,,,,50.0,63.0,-4613.0,2128.0,18969.0,1.0,-5213.0,4400.0,1.0,0.0,22301.0,14621.0,0.0,3280.0,71.0,54.431
20161105,24.654794520547945,66.0,1370.355052961644,,,,,,,,,,,,,,,,,,,,,,,,,,,,,1,,0,1.6764,3001.0,120.0,3815.0,25933.0,2423.0,8526.0,5152.0,0.0,1490.355052961644,0.0,0.0,88.0,50.0,,,,,,,,,,,,,,29.0,64.0,-1586.0,423.0,39850.0,0.0,-1886.0,5839.0,1.0,0.0,41436.0,30193.0,0.0,5404.0,63.0,54.431
20161106,24.65753424657534,73.0,1370.3422430986302,,,,,,,,,,,,,,,,,,,,,,,,,,,,,1,,0,1.6764,3125.0,128.0,4221.0,25809.0,2488.0,9874.0,5711.0,9.0,1498.3422430986302,0.0,0.0,94.0,52.0,53137.0,7376.0,59390.0,0.0,52537.0,2007.0,1.0,0.0,6253.0,628.0,0.0,3618.0,77.0,27.0,61.0,2781.0,2450.0,34582.0,1.0,1885.0,7047.0,1.0,0.0,31383.0,21485.0,0.0,2851.0,62.0,54.431
20161107,24.660273972602738,73.0,1370.3294332356165,,,,,,,,,,,,,,,,,,,,,,,,,,,,,1,,0,1.6764,7794.0,249.0,8760.0,27536.0,2736.0,6284.0,12324.0,0.0,1619.3294332356165,0.0,0.0,93.0,55.0,,,,,,,,,,,,,,48.0,58.0,-6719.0,466.0,17093.0,0.0,-7133.0,6084.0,1.0,0.0,23812.0,11491.0,0.0,6237.0,62.0,54.431
20161108,24.663013698630138,76.0,1370.3166233726029,,,,,,,,,,,,,,,,,,,,,,,,,,,,,1,,0,1.6764,2042.0,57.0,2170.0,27150.0,641.0,10251.0,3024.0,0.0,1427.3166233726029,0.0,0.0,104.0,57.0,,,,,,,,,,,,,,39.0,66.0,-1178.0,1264.0,22164.0,1.0,-1778.0,6916.0,1.0,0.0,22867.0,12936.0,0.0,3015.0,65.0,54.431
20161109,24.665753424657535,74.0,1370.3038135095892,,,,,,,,,,,,,,,,,,,,,,,,,,,,,1,,0,1.6764,2428.0,66.0,2432.0,28057.0,192.0,6477.0,3328.0,0.0,1436.3038135095892,0.0,0.0,100.0,47.0,,,,,,,,,,,,,,64.0,62.0,-6509.0,957.0,18017.0,0.0,-7466.0,5522.0,1.0,0.0,24526.0,13120.0,0.0,5884.0,0.0,54.431
20161110,24.66849315068493,64.0,1370.2910036465755,,,,,,,,,,,,,,,,,,,,,,,,,,,,,1,,0,1.6764,0.0,0.0,0.0,28800.0,0.0,28800.0,1.0,0.0,1370.2910036465755,0.0,0.0,81.0,56.0,,,,,,,,,,,,,,45.0,0.0,-1800.0,0.0,19800.0,0.0,-1800.0,0.0,1.0,0.0,21600.0,0.0,0.0,0.0,0.0,54.431
20161111,24.671232876712327,74.0,1370.2781937835618,,,,,,,,,,,,,,,,,,,,,,,,,,,,,1,,0,1.6764,15144.0,713.0,13195.0,27424.0,1657.0,7721.0,18322.0,0.0,2083.2781937835616,1.0,11040.0,105.0,55.0,,,,,,,,,,,,,,31.0,0.0,-5400.0,0.0,18300.0,0.0,-5400.0,0.0,1.0,0.0,23700.0,0.0,0.0,0.0,0.0,54.431
20161112,24.673972602739727,71.0,1370.2653839205482,,,,,,,,,,,,,,,,,,,,,,,,,,,,,1,,0,1.6764,7986.0,216.0,7356.0,27427.0,1409.0,5762.0,10013.0,404.0,1586.2653839205482,0.0,0.0,133.0,56.0,,,,,,,,,,,,,,28.0,69.0,5656.0,1483.0,33072.0,0.0,5356.0,7578.0,1.0,0.0,27416.0,17035.0,0.0,2803.0,0.0,54.431
20161113,24.676712328767124,70.0,1370.2525740575345,,,,,,,,,,,,,,,,,,,,,,,,,,,,,1,,0,1.6764,2882.0,72.0,2645.0,26882.0,832.0,16625.0,3630.0,2018.0,1442.2525740575345,0.0,0.0,91.0,54.0,,,,,,,,,,,,,,34.0,63.0,9500.0,974.0,48394.0,0.0,8900.0,4838.0,1.0,0.0,38894.0,30205.0,0.0,3851.0,0.0,54.431
20161114,24.67945205479452,70.0,1370.2397641945208,,,,,,,,,,,,,,,,,,,,,,,,,,,,,1,,0,1.6764,2236.0,66.0,2342.0,28366.0,193.0,14805.0,3190.0,0.0,1436.2397641945208,0.0,0.0,91.0,55.0,,,,,,,,,,,,,,46.0,60.0,-5444.0,1896.0,18174.0,1.0,-6044.0,6593.0,1.0,0.0,22796.0,13688.0,0.0,2515.0,68.0,54.431
20161115,24.682191780821917,65.0,1370.226954331507,,,,,,,,,,,,,,,,,,,,,,,,,,,,,1,,0,1.6764,2499.0,62.0,2482.0,27920.0,256.0,9484.0,3417.0,0.0,1432.226954331507,0.0,0.0,82.0,47.0,,,,,,,,,,,,,,40.0,66.0,-3669.0,1336.0,19280.0,1.0,-4269.0,4890.0,1.0,0.0,22273.0,12697.0,0.0,4686.0,0.0,54.431
20161116,24.684931506849317,68.0,1370.2141444684933,,,,,,,,,,,,,,,,,,,,,,,,,,,,,1,,0,1.6764,129.0,2.0,90.0,28800.0,129.0,28800.0,127.0,0.0,1372.2141444684933,0.0,0.0,93.0,51.0,,,,,,,,,,,,,,30.0,61.0,-3856.0,695.0,16960.0,0.0,-4456.0,4614.0,1.0,0.0,20816.0,14118.0,0.0,2084.0,66.0,54.431
20161117,24.687671232876713,71.0,1370.2013346054796,,,,,,,,,,,,,,,,,,,,,,,,,,,,,1,,0,1.6764,3451.0,84.0,3047.0,27434.0,257.0,10696.0,4210.0,0.0,1454.2013346054796,0.0,0.0,110.0,47.0,,,,,,,,,,,,,,89.0,62.0,-4915.0,2001.0,17953.0,1.0,-5515.0,4165.0,1.0,0.0,21973.0,13898.0,0.0,3910.0,0.0,54.431
20161118,24.69041095890411,69.0,1370.188524742466,,,,,,,,,,,,,,,,,,,,,,,,,,,,,1,,0,1.6764,2940.0,76.0,2718.0,27334.0,577.0,14790.0,3753.0,0.0,1446.188524742466,0.0,0.0,123.0,51.0,,,,,,,,,,,,,,61.0,73.0,-3003.0,2056.0,19270.0,1.0,-4203.0,6547.0,1.0,0.0,21599.0,12008.0,0.0,3044.0,0.0,54.431
20161119,24.693150684931506,65.0,1370.1757148794522,,,,,,,,,,,,,,,,,,,,,,,,,,,,,1,,0,1.6764,2874.0,105.0,3406.0,25807.0,1852.0,8225.0,4605.0,0.0,1475.1757148794522,0.0,0.0,91.0,48.0,,,,,,,,,,,,,,48.0,67.0,-24.0,2138.0,37080.0,2.0,-624.0,8760.0,1.0,0.0,36108.0,18951.0,0.0,8397.0,75.0,54.431
20161120,24.695890410958903,67.0,1370.1629050164386,,,,,,,,,,,,,,,,,,,,,,,,,,,,,1,,0,1.6764,2828.0,140.0,3390.0,26157.0,1856.0,12147.0,4516.0,0.0,1510.1629050164386,1.0,1740.0,98.0,49.0,,,,,,,,,,,,,,38.0,60.0,910.0,913.0,30901.0,0.0,310.0,6075.0,1.0,0.0,29991.0,18476.0,0.0,5440.0,58.0,54.431
20161121,24.698630136986303,69.0,1370.150095153425,,,,,,,,,,,,,,,,,,,,,,,,,,,,,1,,0,1.6764,2572.0,70.0,2643.0,28430.0,194.0,8656.0,3586.0,0.0,1440.150095153425,0.0,0.0,96.0,50.0,,,,,,,,,,,,,,37.0,66.0,-5645.0,2248.0,18684.0,0.0,-7204.0,6398.0,1.0,0.0,23850.0,13714.0,0.0,3738.0,60.0,54.431
20161122,24.7013698630137,76.0,1370.137285290411,,,,,,,,,,,,,,,,,,,,,,,,,,,,,1,,0,1.6764,2750.0,75.0,2645.0,28116.0,194.0,10232.0,3574.0,0.0,1445.137285290411,0.0,0.0,95.0,55.0,,,,,,,,,,,,,,47.0,64.0,-4363.0,1636.0,16761.0,1.0,-4963.0,4931.0,1.0,0.0,20588.0,13923.0,0.0,1734.0,70.0,54.431
20161123,24.704109589041096,67.0,1370.1244754273973,,,,,,,,,,,,,,,,,,,,,,,,,,,,,1,,0,1.6764,3198.0,74.0,2596.0,28233.0,254.0,10431.0,3537.0,0.0,1444.1244754273973,0.0,0.0,87.0,55.0,,,,,,,,,,,,,,32.0,66.0,-4086.0,1816.0,18124.0,2.0,-4854.0,6228.0,1.0,0.0,21280.0,13189.0,0.0,1863.0,0.0,54.431
20161124,24.706849315068492,72.0,1370.1116655643837,,,,,,,,,,,,,,,,,,,,,,,,,,,,,1,,0,1.6764,2429.0,101.0,3192.0,26256.0,1793.0,9209.0,4275.0,22.0,1471.1116655643837,0.0,0.0,128.0,58.0,,,,,,,,,,,,,,15.0,62.0,-1592.0,1827.0,33251.0,1.0,-1892.0,10563.0,1.0,0.0,33977.0,20314.0,0.0,3100.0,60.0,54.431
20161125,24.70958904109589,70.0,1370.09885570137,,,,,,,,,,,,,,,,,,,,,,,,,,,,,1,,0,1.6764,1921.0,63.0,2226.0,26958.0,1278.0,7830.0,2988.0,0.0,1433.09885570137,0.0,0.0,145.0,54.0,,,,,,,,,,,,,,29.0,62.0,729.0,1306.0,39328.0,1.0,129.0,2175.0,1.0,0.0,37893.0,30742.0,0.0,4976.0,0.0,54.431
20161126,24.71232876712329,74.0,1370.0860458383563,,,,,,,,,,,,,,,,,,,,,,,,,,,,,1,,0,1.6764,3509.0,140.0,4230.0,24913.0,1788.0,8198.0,5531.0,41.0,1510.0860458383563,0.0,0.0,117.0,48.0,,,,,,,,,,,,,,14.0,64.0,2509.0,3567.0,32649.0,3.0,1909.0,3813.0,1.0,0.0,27739.0,17404.0,0.0,6522.0,68.0,54.431
20161127,24.715068493150685,73.0,1370.0732359753426,,,,,,,,,,,,,,,,,,,,,,,,,,,,,1,,0,1.6764,2693.0,96.0,3108.0,25733.0,1797.0,8026.0,4211.0,0.0,1466.0732359753426,0.0,0.0,96.0,55.0,,,,,,,,,,,,,,8.0,61.0,-2983.0,1167.0,35449.0,1.0,-3583.0,6024.0,1.0,0.0,37921.0,22658.0,0.0,9239.0,0.0,54.431
20161128,24.71780821917808,72.0,1370.060426112329,,,,,,,,,,,,,,,,,,,,,,,,,,,,,1,,0,1.6764,3068.0,88.0,3060.0,28552.0,575.0,13518.0,4141.0,0.0,1458.060426112329,0.0,0.0,100.0,56.0,,,,,,,,,,,,,,42.0,64.0,-5809.0,600.0,18481.0,0.0,-6409.0,3227.0,1.0,0.0,24290.0,14608.0,0.0,6455.0,0.0,54.431
20161129,24.720547945205478,72.0,1370.0476162493153,,,,,,,,,,,,,,,,,,,,,,,,,,,,,1,,0,1.6764,2873.0,68.0,2495.0,28305.0,257.0,8584.0,3409.0,0.0,1438.0476162493153,0.0,0.0,117.0,55.0,,,,,,,,,,,,,,42.0,63.0,-4138.0,1498.0,18804.0,1.0,-4590.0,4791.0,1.0,0.0,21918.0,15851.0,0.0,1276.0,0.0,54.431
20161130,24.723287671232878,68.0,1370.0348063863016,,,,,,,,,,,,,,,,,,,,,,,,,,,,,1,,0,1.6764,2935.0,76.0,2446.0,27854.0,256.0,7746.0,3304.0,0.0,1446.0348063863016,0.0,0.0,103.0,55.0,,,,,,,,,,,,,,26.0,63.0,-4621.0,1470.0,18314.0,1.0,-5221.0,3393.0,1.0,0.0,22483.0,15949.0,0.0,3141.0,0.0,54.431
20161201,24.726027397260275,69.0,1370.0219965232877,,,,,,,,,,,,,,,,,,,,,,,,,,,,,1,,0,1.6764,2108.0,58.0,2062.0,28118.0,256.0,11583.0,2816.0,0.0,1428.0219965232877,0.0,0.0,117.0,55.0,,,,,,,,,,,,,,27.0,63.0,-4481.0,2195.0,18182.0,1.0,-5444.0,6076.0,1.0,0.0,21959.0,11416.0,0.0,4467.0,0.0,54.431
20161202,24.72876712328767,69.0,1370.009186660274,,,,,,,,,,,,,,,,,,,,,,,,,,,,,1,,0,1.6764,2419.0,63.0,2259.0,27428.0,192.0,7884.0,3034.0,0.0,1433.009186660274,0.0,0.0,133.0,56.0,,,,,,,,,,,,,,40.0,60.0,-4817.0,1422.0,18678.0,1.0,-5417.0,6782.0,1.0,0.0,22698.0,12771.0,0.0,3145.0,63.0,54.431
20161203,24.731506849315068,68.0,1369.9963767972604,,,,,,,,,,,,,,,,,,,,,,,,,,,,,1,,0,1.6764,2941.0,107.0,3357.0,25595.0,1855.0,7622.0,4496.0,0.0,1476.9963767972604,0.0,0.0,141.0,51.0,,,,,,,,,,,,,,26.0,65.0,-5120.0,4672.0,36829.0,4.0,-5420.0,5842.0,1.0,0.0,38301.0,28758.0,0.0,3701.0,64.0,54.431
20161204,24.734246575342464,66.0,1369.9835669342467,,,,,,,,,,,,,,,,,,,,,,,,,,,,,1,,0,1.6764,2549.0,100.0,3215.0,26187.0,1852.0,9799.0,4314.0,0.0,1469.9835669342467,0.0,0.0,109.0,55.0,,,,,,,,,,,,,,44.0,67.0,1672.0,2077.0,31213.0,0.0,649.0,3564.0,1.0,0.0,29541.0,19529.0,0.0,6448.0,63.0,54.431
20161205,24.736986301369864,67.0,1369.970757071233,,,,,,,,,,,,,,,,,,,,,,,,,,,,,1,,0,1.6764,2373.0,62.0,2398.0,28244.0,192.0,10805.0,3278.0,0.0,1431.970757071233,0.0,0.0,98.0,53.0,,,,,,,,,,,,,,41.0,67.0,-5017.0,728.0,18284.0,0.0,-5436.0,2695.0,1.0,0.0,23301.0,17961.0,0.0,2645.0,58.0,54.431
20161206,24.73972602739726,78.0,1369.9579472082194,,,,,,,,,,,,,,,,,,,,,,,,,,,,,1,,0,1.6764,2873.0,73.0,2623.0,28110.0,383.0,9955.0,3553.0,0.0,1442.9579472082194,0.0,0.0,111.0,53.0,,,,,,,,,,,,,,45.0,70.0,-5268.0,1138.0,18458.0,0.0,-5868.0,3108.0,1.0,0.0,23726.0,14431.0,0.0,6187.0,65.0,54.431
20161207,24.742465753424657,71.0,1369.9451373452057,,,,,,,,,,,,,,,,,,,,,,,,,,,,,1,,0,1.6764,3062.0,80.0,2850.0,27917.0,255.0,10053.0,3883.0,0.0,1449.9451373452057,0.0,0.0,99.0,44.0,,,,,,,,,,,,,,42.0,56.0,-4882.0,994.0,19219.0,0.0,-5876.0,3871.0,1.0,0.0,24101.0,18475.0,0.0,1755.0,0.0,54.431
20161208,24.745205479452054,71.0,1369.932327482192,,,,,,,,,,,,,,,,,,,,,,,,,,,,,1,,0,1.6764,3326.0,97.0,3167.0,27289.0,383.0,8772.0,4264.0,0.0,1466.932327482192,0.0,0.0,110.0,44.0,,,,,,,,,,,,,,104.0,77.0,-1576.0,1192.0,18853.0,1.0,-1876.0,3968.0,1.0,0.0,19918.0,12699.0,0.0,3251.0,0.0,54.431
20161209,24.747945205479454,71.0,1369.9195176191784,,,,,,,,,,,,,,,,,,,,,,,,,,,,,1,,0,1.6764,2309.0,58.0,2302.0,27730.0,255.0,9218.0,3114.0,0.0,1427.9195176191784,0.0,0.0,122.0,51.0,,,,,,,,,,,,,,47.0,64.0,-6305.0,963.0,18588.0,1.0,-6605.0,2896.0,1.0,0.0,24385.0,14175.0,0.0,7314.0,72.0,54.431
20161210,24.75068493150685,67.0,1369.9067077561645,,,,,,,,,,,,,,,,,,,,,,,,,,,,,1,,0,1.6764,2795.0,105.0,3406.0,26645.0,1847.0,19617.0,4586.0,0.0,1474.9067077561645,0.0,0.0,119.0,44.0,,,,,,,,,,,,,,57.0,65.0,-1545.0,1321.0,29064.0,1.0,-1845.0,5141.0,1.0,0.0,30253.0,22917.0,0.0,2195.0,0.0,54.431
20161211,24.753424657534246,73.0,1369.8938978931508,,,,,,,,,,,,,,,,,,,,,,,,,,,,,1,,0,1.6764,2171.0,90.0,2879.0,26446.0,1788.0,18088.0,3864.0,8.0,1459.8938978931508,0.0,0.0,89.0,55.0,,,,,,,,,,,,,,20.0,65.0,833.0,922.0,31166.0,1.0,416.0,6890.0,1.0,0.0,29918.0,19630.0,0.0,3398.0,62.0,54.431
20161212,24.756164383561643,75.0,1369.881088030137,,,,,,,,,,,,,,,,,,,,,,,,,,,,,1,,0,1.6764,2753.0,80.0,3055.0,28088.0,322.0,16840.0,4190.0,0.0,1449.881088030137,0.0,0.0,98.0,55.0,,,,,,,,,,,,,,35.0,62.0,-1516.0,510.0,18685.0,0.0,-1816.0,3741.0,1.0,0.0,20201.0,9792.0,0.0,6668.0,70.0,54.431
20161213,24.75890410958904,69.0,1369.8682781671234,,,,,,,,,,,,,,,,,,,,,,,,,,,,,1,,0,1.6764,2757.0,77.0,2778.0,27852.0,385.0,11020.0,3782.0,0.0,1446.8682781671234,0.0,0.0,112.0,44.0,,,,,,,,,,,,,,54.0,61.0,-2630.0,3212.0,18914.0,3.0,-3554.0,2241.0,1.0,0.0,19659.0,13702.0,0.0,3716.0,0.0,54.431
20161214,24.76164383561644,73.0,1369.8554683041098,,,,,,,,,,,,,,,,,,,,,,,,,,,,,1,,0,1.6764,2749.0,82.0,2705.0,27917.0,321.0,8177.0,3628.0,0.0,1451.8554683041098,0.0,0.0,96.0,56.0,,,,,,,,,,,,,,33.0,66.0,-55.0,2163.0,18749.0,1.0,-853.0,2969.0,1.0,0.0,17940.0,10957.0,0.0,4014.0,72.0,54.431
20161215,24.764383561643836,74.0,1369.842658441096,,,,,,,,,,,,,,,,,,,,,,,,,,,,,1,,0,1.6764,2759.0,92.0,3072.0,27910.0,449.0,16269.0,4074.0,0.0,1461.842658441096,0.0,0.0,99.0,55.0,,,,,,,,,,,,,,35.0,60.0,-4576.0,1807.0,18755.0,1.0,-5437.0,2829.0,1.0,0.0,22789.0,13798.0,0.0,6162.0,73.0,54.431
20161216,24.767123287671232,69.0,1369.8298485780824,,,,,,,,,,,,,,,,,,,,,,,,,,,,,1,,0,1.6764,2426.0,80.0,2671.0,27733.0,379.0,9588.0,3581.0,0.0,1449.8298485780824,0.0,0.0,111.0,49.0,,,,,,,,,,,,,,55.0,61.0,-4927.0,1077.0,19041.0,1.0,-5340.0,3684.0,1.0,0.0,23420.0,15238.0,0.0,4498.0,73.0,54.431
20161217,24.76986301369863,65.0,1369.8170387150687,,,,,,,,,,,,,,,,,,,,,,,,,,,,,1,,0,1.6764,443.0,23.0,570.0,28359.0,379.0,20299.0,602.0,0.0,1392.8170387150687,0.0,0.0,114.0,43.0,,,,,,,,,,,,,,70.0,0.0,-1800.0,0.0,19800.0,0.0,-1800.0,0.0,1.0,0.0,21600.0,0.0,0.0,0.0,0.0,54.431
20161218,24.77260273972603,68.0,1369.8042288520548,,,,,,,,,,,,,,,,,,,,,,,,,,,,,1,,0,1.6764,2367.0,94.0,2970.0,26244.0,1791.0,14924.0,3962.0,0.0,1463.8042288520548,0.0,0.0,116.0,44.0,,,,,,,,,,,,,,19.0,66.0,1178.0,1268.0,32276.0,0.0,0.0,3981.0,1.0,0.0,31098.0,22513.0,0.0,4604.0,83.0,54.431
20161219,24.775342465753425,72.0,1369.7914189890412,,,,,,,,,,,,,,,,,,,,,,,,,,,,,1,,0,1.6764,2936.0,82.0,2756.0,27988.0,448.0,12091.0,3682.0,0.0,1451.7914189890412,0.0,0.0,107.0,55.0,,,,,,,,,,,,,,45.0,68.0,-3592.0,1324.0,18870.0,1.0,-4192.0,1253.0,1.0,0.0,21793.0,15565.0,0.0,4975.0,68.0,54.431
20161220,24.778082191780822,76.0,1369.7786091260275,,,,,,,,,,,,,,,,,,,,,,,,,,,,,1,,0,1.6764,3513.0,92.0,3088.0,28308.0,447.0,15240.0,4167.0,0.0,1461.7786091260275,0.0,0.0,95.0,55.0,,,,,,,,,,,,,,34.0,66.0,-2989.0,1140.0,18721.0,0.0,-3589.0,3519.0,1.0,0.0,21710.0,11535.0,0.0,6656.0,81.0,54.431
20161221,24.78082191780822,72.0,1369.7657992630138,,,,,,,,,,,,,,,,,,,,,,,,,,,,,1,,0,1.6764,3006.0,87.0,2926.0,28109.0,446.0,9870.0,3929.0,0.0,1456.7657992630138,0.0,0.0,88.0,56.0,,,,,,,,,,,,,,41.0,64.0,-4318.0,1849.0,18697.0,1.0,-4918.0,6390.0,1.0,0.0,22205.0,11795.0,0.0,4020.0,77.0,54.431
20161222,24.783561643835615,71.0,1369.7529894000002,,,,,,,,,,,,,,,,,,,,,,,,,,,,,1,,0,1.6764,5185.0,151.0,5197.0,26847.0,704.0,7825.0,7161.0,0.0,1520.7529894000002,0.0,0.0,110.0,55.0,,,,,,,,,,,,,,34.0,59.0,-3834.0,624.0,19029.0,0.0,-4248.0,4044.0,1.0,0.0,22863.0,16058.0,0.0,2761.0,79.0,54.431
20161223,24.786301369863015,71.0,1369.7401795369865,,,,,,,,,,,,,,,,,,,,,,,,,,,,,1,,0,1.6764,2619.0,80.0,2689.0,27290.0,382.0,7112.0,3651.0,0.0,1449.7401795369865,0.0,0.0,131.0,50.0,,,,,,,,,,,,,,91.0,64.0,-4867.0,982.0,19015.0,1.0,-5316.0,5704.0,1.0,0.0,23368.0,14708.0,0.0,2956.0,65.0,54.431
20161224,24.78904109589041,70.0,1369.7273696739728,,,,,,,,,,,,,,,,,,,,,,,,,,,,,1,,0,1.6764,6832.0,166.0,6539.0,22332.0,961.0,8627.0,9406.0,0.0,1535.7273696739728,0.0,0.0,90.0,55.0,,,,,,,,,,,,,,17.0,0.0,-2700.0,0.0,33600.0,0.0,-2700.0,0.0,1.0,0.0,36300.0,0.0,0.0,0.0,0.0,54.431
20161225,24.791780821917808,69.0,1369.7145598109591,,,,,,,,,,,,,,,,,,,,,,,,,,,,,1,,0,1.6764,3319.0,125.0,3877.0,25184.0,1915.0,5443.0,5123.0,0.0,1494.7145598109591,0.0,0.0,93.0,55.0,,,,,,,,,,,,,,16.0,69.0,-1344.0,878.0,35902.0,0.0,-1944.0,4946.0,1.0,0.0,37246.0,21928.0,0.0,10372.0,0.0,54.431
20161226,24.794520547945204,70.0,1369.7017499479452,,,,,,,,,,,,,,,,,,,,,,,,,,,,,1,,0,1.6764,2291.0,101.0,3178.0,26442.0,1845.0,10965.0,4239.0,0.0,1470.7017499479452,0.0,0.0,119.0,56.0,,,,,,,,,,,,,,9.0,69.0,720.0,660.0,35960.0,0.0,120.0,3486.0,1.0,0.0,35240.0,24436.0,0.0,7318.0,0.0,54.431
20161227,24.797260273972604,68.0,1369.6889400849316,,,,,,,,,,,,,,,,,,,,,,,,,,,,,1,,0,1.6764,3325.0,88.0,3157.0,27469.0,579.0,9836.0,4342.0,0.0,1457.6889400849316,0.0,0.0,114.0,55.0,,,,,,,,,,,,,,17.0,72.0,-4513.0,624.0,18403.0,0.0,-5113.0,2255.0,1.0,0.0,22916.0,16976.0,0.0,3685.0,68.0,54.431
20161228,24.8,72.0,1369.676130221918,,,,,,,,,,,,,,,,,,,,,,,,,,,,,1,,0,1.6764,3260.0,92.0,3264.0,27980.0,321.0,7500.0,4406.0,0.0,1461.676130221918,0.0,0.0,116.0,55.0,,,,,,,,,,,,,,31.0,60.0,-3596.0,2015.0,18162.0,1.0,-4589.0,3529.0,1.0,0.0,21405.0,12594.0,0.0,5282.0,87.0,54.431
20161229,24.802739726027397,75.0,1369.6633203589042,,,,,,,,,,,,,,,,,,,,,,,,,,,,,1,,0,1.6764,3004.0,86.0,2949.0,28052.0,444.0,6865.0,4035.0,0.0,1455.6633203589042,0.0,0.0,113.0,55.0,,,,,,,,,,,,,,54.0,61.0,-5109.0,1393.0,18848.0,1.0,-5559.0,4037.0,1.0,0.0,23384.0,15660.0,0.0,3687.0,0.0,54.431
20161230,24.805479452054794,72.0,1369.6505104958906,,,,,,,,,,,,,,,,,,,,,,,,,,,,,1,,0,1.6764,2555.0,78.0,2774.0,27791.0,382.0,16571.0,3797.0,0.0,1447.6505104958906,0.0,0.0,123.0,55.0,,,,,,,,,,,,,,28.0,65.0,-5187.0,661.0,18885.0,0.0,-5638.0,2484.0,1.0,0.0,24072.0,18335.0,0.0,3253.0,0.0,54.431
20161231,24.80821917808219,68.0,1369.6377006328769,,,,,,,,,,,,,,,,,,,,,,,,,,,,,1,,0,1.6764,128.0,2.0,152.0,28800.0,128.0,28800.0,218.0,0.0,1371.6377006328769,0.0,0.0,113.0,51.0,,,,,,,,,,,,,,63.0,72.0,-3649.0,947.0,22277.0,1.0,-4249.0,1943.0,1.0,0.0,25579.0,18047.0,0.0,5589.0,0.0,54.431
